{
  "timestamp": "20260417_212617",
  "data": {
    "source": "LAppLive2DManager.onUpdate.isLeftButtonPressed_debug",
    "timestamp": 1776432377204,
    "dragX": 0.0036334274929091916,
    "dragY": -0.49676254552564547,
    "isLeftButtonPressed": true,
    "modelMatrixY": 0.5,
    "modelParams": {
      "ParamAngleX": 6.7947001457214355,
      "ParamAngleY": -17.816389083862305,
      "ParamEyeBallX": 0.003633427433669567,
      "ParamEyeBallY": -0.49676254391670227,
      "ParamBodyAngleX": -96.98015124718755
    }
  }
}