{
  "timestamp": "20260417_234258",
  "data": {
    "source": "LAppLive2DManager.onUpdate.isLeftButtonPressed_debug",
    "timestamp": 1776440573115,
    "dragX": 0.5895037789550268,
    "dragY": -1.9999524115120593,
    "isLeftButtonPressed": true,
    "modelMatrixY": 0.5,
    "modelParams": {
      "ParamAngleX": 10.220541000366211,
      "ParamAngleY": -27.39751434326172,
      "ParamEyeBallX": 0.5895037651062012,
      "ParamEyeBallY": -1,
      "ParamBodyAngleX": 2719.5530585721535
    }
  }
}