{
  "timestamp": "20260417_195746",
  "data": {
    "source": "LAppLive2DManager.onUpdate.isLeftButtonPressed_debug",
    "timestamp": 1776427026408,
    "dragX": 1.001646752485113,
    "dragY": -0.854384035905302,
    "isLeftButtonPressed": true,
    "modelMatrixY": 0.5,
    "modelParams": {
      "ParamAngleX": 30,
      "ParamAngleY": -23.81611442565918,
      "ParamEyeBallX": 1,
      "ParamEyeBallY": -0.8543840646743774,
      "ParamBodyAngleX": -92.44719352027651
    }
  }
}