{
  "timestamp": "20260418_001037",
  "data": {
    "source": "LAppLive2DManager.onUpdate.isLeftButtonPressed_debug",
    "timestamp": 1776441952604,
    "dragX": 0.42443045253862405,
    "dragY": -4.559438323434529,
    "isLeftButtonPressed": true,
    "modelMatrixY": 0.5,
    "modelParams": {
      "ParamAngleX": 8.631478309631348,
      "ParamAngleY": -30,
      "ParamEyeBallX": 0.4244304597377777,
      "ParamEyeBallY": -1,
      "ParamBodyAngleX": 2673.882097980004
    }
  }
}