{
  "timestamp": "20260418_000846",
  "data": {
    "source": "LAppLive2DManager.onUpdate.isLeftButtonPressed_debug",
    "timestamp": 1776441942629,
    "dragX": 0.2690477564025317,
    "dragY": -3.1574811444497684,
    "isLeftButtonPressed": true,
    "modelMatrixY": 0.5,
    "modelParams": {
      "ParamAngleX": 11.081498146057129,
      "ParamAngleY": -30,
      "ParamEyeBallX": 0.2690477669239044,
      "ParamEyeBallY": -1,
      "ParamBodyAngleX": 956.5341724553305
    }
  }
}