{
  "timestamp": "20260417_195807",
  "data": {
    "source": "LAppLive2DManager.onUpdate.isLeftButtonPressed_debug",
    "timestamp": 1776427029489,
    "dragX": -0.823290750075925,
    "dragY": 0.22026588083094187,
    "isLeftButtonPressed": false,
    "modelMatrixY": 0.5,
    "modelParams": {
      "ParamAngleX": -30,
      "ParamAngleY": 5.30599308013916,
      "ParamEyeBallX": -0.8232907652854919,
      "ParamEyeBallY": 0.22026588022708893,
      "ParamBodyAngleX": -368.22872775930915
    }
  }
}