{
  "timestamp": "20260417_200803",
  "data": {
    "source": "LAppLive2DManager.onUpdate.isLeftButtonPressed_debug",
    "timestamp": 1776427498881,
    "dragX": -0.6170370869148585,
    "dragY": -0.24896593739826087,
    "isLeftButtonPressed": true,
    "modelMatrixY": 0.5,
    "modelParams": {
      "ParamAngleX": -24.819229125976562,
      "ParamAngleY": -10.264217376708984,
      "ParamEyeBallX": -0.6170370578765869,
      "ParamEyeBallY": -0.24896593391895294,
      "ParamBodyAngleX": -1548.3453979266508
    }
  }
}