{
  "timestamp": "20260418_002722",
  "data": {
    "source": "LAppLive2DManager.onUpdate.isLeftButtonPressed_debug",
    "timestamp": 1776443089523,
    "dragX": 0.5614514889256561,
    "dragY": -2.919288862688378,
    "isLeftButtonPressed": true,
    "modelMatrixY": 0.5,
    "modelParams": {
      "ParamAngleX": 19.328718185424805,
      "ParamAngleY": -30,
      "ParamEyeBallX": 0.5614514946937561,
      "ParamEyeBallY": -1,
      "ParamBodyAngleX": 160.71899422743587
    }
  }
}