{
  "timestamp": "20260417_200545",
  "data": {
    "source": "LAppLive2DManager.onUpdate.isLeftButtonPressed_debug",
    "timestamp": 1776427358143,
    "dragX": 0.01800749000497409,
    "dragY": -0.6208661035378494,
    "isLeftButtonPressed": true,
    "modelMatrixY": 0.5,
    "modelParams": {
      "ParamAngleX": 5.715500831604004,
      "ParamAngleY": -22.393756866455078,
      "ParamEyeBallX": 0.018007490783929825,
      "ParamEyeBallY": -0.6208661198616028,
      "ParamBodyAngleX": 251.27584956462107
    }
  }
}