{
  "timestamp": "20260417_202035",
  "data": {
    "source": "LAppLive2DManager.onUpdate.isLeftButtonPressed_debug",
    "timestamp": 1776428230552,
    "dragX": -0.9048184311634935,
    "dragY": 0.22830739903267147,
    "isLeftButtonPressed": true,
    "modelMatrixY": 0.5,
    "modelParams": {
      "ParamAngleX": -30,
      "ParamAngleY": 4.294297695159912,
      "ParamEyeBallX": -0.9048184156417847,
      "ParamEyeBallY": 0.22830739617347717,
      "ParamBodyAngleX": -6.565907096764768
    }
  }
}