{
  "timestamp": "20260418_001437",
  "data": {
    "source": "LAppLive2DManager.onUpdate.isLeftButtonPressed_debug",
    "timestamp": 1776442157820,
    "dragX": 0.7133431084773207,
    "dragY": -3.873714897290709,
    "isLeftButtonPressed": true,
    "modelMatrixY": 0.5,
    "modelParams": {
      "ParamAngleX": 21.15514373779297,
      "ParamAngleY": -30,
      "ParamEyeBallX": 0.71334308385849,
      "ParamEyeBallY": -1,
      "ParamBodyAngleX": 39814.758660023326
    }
  }
}