{
  "timestamp": "20260418_000953",
  "data": {
    "source": "LAppLive2DManager.onUpdate.isLeftButtonPressed_debug",
    "timestamp": 1776441948711,
    "dragX": 0.3600051979203325,
    "dragY": -3.0177379653939287,
    "isLeftButtonPressed": true,
    "modelMatrixY": 0.5,
    "modelParams": {
      "ParamAngleX": 10.648723602294922,
      "ParamAngleY": -30,
      "ParamEyeBallX": 0.3600051999092102,
      "ParamEyeBallY": -1,
      "ParamBodyAngleX": 1782.0253078923233
    }
  }
}