{
  "timestamp": "20260417_212605",
  "data": {
    "source": "LAppLive2DManager.onUpdate.isLeftButtonPressed_debug",
    "timestamp": 1776432365220,
    "dragX": -0.009172731776256592,
    "dragY": -1.304731668992229,
    "isLeftButtonPressed": true,
    "modelMatrixY": 0.5,
    "modelParams": {
      "ParamAngleX": 6.015321731567383,
      "ParamAngleY": -29.508827209472656,
      "ParamEyeBallX": -0.009172732010483742,
      "ParamEyeBallY": -1,
      "ParamBodyAngleX": 188.4017805059564
    }
  }
}