{
  "timestamp": "20260417_231345",
  "data": {
    "source": "LAppLive2DManager.onUpdate.isLeftButtonPressed_debug",
    "timestamp": 1776438824335,
    "dragX": 0.6181686028655831,
    "dragY": -1.715908057234624,
    "isLeftButtonPressed": true,
    "modelMatrixY": 0.5,
    "modelParams": {
      "ParamAngleX": 16.323484420776367,
      "ParamAngleY": -27.5378360748291,
      "ParamEyeBallX": 0.6181685924530029,
      "ParamEyeBallY": -1,
      "ParamBodyAngleX": 2260.8150472849325
    }
  }
}