{
  "timestamp": "20260417_232214",
  "data": {
    "source": "LAppLive2DManager.onUpdate.isLeftButtonPressed_debug",
    "timestamp": 1776439328068,
    "dragX": 0.18184232211777804,
    "dragY": -0.9130140748711354,
    "isLeftButtonPressed": true,
    "modelMatrixY": 0.5,
    "modelParams": {
      "ParamAngleX": -1.4495220184326172,
      "ParamAngleY": -23.56984519958496,
      "ParamEyeBallX": 0.18184232711791992,
      "ParamEyeBallY": -0.9130140542984009,
      "ParamBodyAngleX": 961.1888675803023
    }
  }
}