{
  "timestamp": "20260417_214936",
  "data": {
    "source": "LAppLive2DManager.onUpdate.isLeftButtonPressed_debug",
    "timestamp": 1776433776241,
    "dragX": 0.04034720300754153,
    "dragY": -0.6984335250791368,
    "isLeftButtonPressed": true,
    "modelMatrixY": 0.5,
    "modelParams": {
      "ParamAngleX": 3.576171875,
      "ParamAngleY": -24.916912078857422,
      "ParamEyeBallX": 0.040347203612327576,
      "ParamEyeBallY": -0.698433518409729,
      "ParamBodyAngleX": 416.1588652013168
    }
  }
}