{
  "timestamp": "20260417_215643",
  "data": {
    "source": "LAppLive2DManager.onUpdate.isLeftButtonPressed_debug",
    "timestamp": 1776434203223,
    "dragX": 0.1728491561350784,
    "dragY": -1.4917125656926753,
    "isLeftButtonPressed": true,
    "modelMatrixY": 0.5,
    "modelParams": {
      "ParamAngleX": 12.273338317871094,
      "ParamAngleY": -30,
      "ParamEyeBallX": 0.1728491634130478,
      "ParamEyeBallY": -1,
      "ParamBodyAngleX": 808.658714697032
    }
  }
}