{
  "timestamp": "20260417_201646",
  "data": {
    "source": "LAppLive2DManager.onUpdate.isLeftButtonPressed_debug",
    "timestamp": 1776428205996,
    "dragX": -0.02615991538825762,
    "dragY": -0.4623846202341333,
    "isLeftButtonPressed": true,
    "modelMatrixY": 0.5,
    "modelParams": {
      "ParamAngleX": -6.018489360809326,
      "ParamAngleY": -15.817156791687012,
      "ParamEyeBallX": -0.026159916073083878,
      "ParamEyeBallY": -0.4623846113681793,
      "ParamBodyAngleX": -6337.674530998742
    }
  }
}