{
  "timestamp": "20260417_230105",
  "data": {
    "source": "LAppLive2DManager.onUpdate.isLeftButtonPressed_debug",
    "timestamp": 1776438043408,
    "dragX": 0.026593997891157056,
    "dragY": -0.868604916876825,
    "isLeftButtonPressed": true,
    "modelMatrixY": 0.5,
    "modelParams": {
      "ParamAngleX": -6.149164199829102,
      "ParamAngleY": -27.314655303955078,
      "ParamEyeBallX": 0.026593998074531555,
      "ParamEyeBallY": -0.8686048984527588,
      "ParamBodyAngleX": 3219.350671018558
    }
  }
}