{
  "timestamp": "20260418_001441",
  "data": {
    "source": "LAppLive2DManager.onUpdate.isLeftButtonPressed_debug",
    "timestamp": 1776442162156,
    "dragX": 0.6039864589008891,
    "dragY": -3.378909989751153,
    "isLeftButtonPressed": true,
    "modelMatrixY": 0.5,
    "modelParams": {
      "ParamAngleX": 11.770842552185059,
      "ParamAngleY": -28.077722549438477,
      "ParamEyeBallX": 0.6039864420890808,
      "ParamEyeBallY": -1,
      "ParamBodyAngleX": 40695.525987956054
    }
  }
}