{
  "timestamp": "20260418_001019",
  "data": {
    "source": "LAppLive2DManager.onUpdate.isLeftButtonPressed_debug",
    "timestamp": 1776441951161,
    "dragX": 0.5678319125753183,
    "dragY": -3.4821460218312934,
    "isLeftButtonPressed": true,
    "modelMatrixY": 0.5,
    "modelParams": {
      "ParamAngleX": 22.446441650390625,
      "ParamAngleY": -27.350582122802734,
      "ParamEyeBallX": 0.5678319334983826,
      "ParamEyeBallY": -1,
      "ParamBodyAngleX": 2213.3216672642666
    }
  }
}