{
  "timestamp": "20260417_200541",
  "data": {
    "source": "LAppLive2DManager.onUpdate.isLeftButtonPressed_debug",
    "timestamp": 1776427353925,
    "dragX": -1.3802301280882625,
    "dragY": 0.14735286778832285,
    "isLeftButtonPressed": true,
    "modelMatrixY": 0.5,
    "modelParams": {
      "ParamAngleX": -28.852479934692383,
      "ParamAngleY": 1.854735255241394,
      "ParamEyeBallX": -1,
      "ParamEyeBallY": 0.14735287427902222,
      "ParamBodyAngleX": 530.9397757337
    }
  }
}