{
  "timestamp": "20260417_212014",
  "data": {
    "source": "LAppLive2DManager.onUpdate.isLeftButtonPressed_debug",
    "timestamp": 1776432012177,
    "dragX": 0.023676054156979348,
    "dragY": -1.3569360103168422,
    "isLeftButtonPressed": true,
    "modelMatrixY": 0.5,
    "modelParams": {
      "ParamAngleX": 5.496265888214111,
      "ParamAngleY": -30,
      "ParamEyeBallX": 0.023676054552197456,
      "ParamEyeBallY": -1,
      "ParamBodyAngleX": 168.07522581278366
    }
  }
}