{
  "timestamp": "20260417_203155",
  "data": {
    "source": "LAppLive2DManager.onUpdate.isLeftButtonPressed_debug",
    "timestamp": 1776429115179,
    "dragX": -0.07367164811149034,
    "dragY": -1.2724163717473729,
    "isLeftButtonPressed": true,
    "modelMatrixY": 0.5,
    "modelParams": {
      "ParamAngleX": 5.1729326248168945,
      "ParamAngleY": -26.96644401550293,
      "ParamEyeBallX": -0.07367164641618729,
      "ParamEyeBallY": -1,
      "ParamBodyAngleX": 148.2885159656359
    }
  }
}