{
  "timestamp": "20260417_225245",
  "data": {
    "source": "LAppLive2DManager.onUpdate.isLeftButtonPressed_debug",
    "timestamp": 1776437563792,
    "dragX": -0.12292695269590387,
    "dragY": -1.2479842834271655,
    "isLeftButtonPressed": true,
    "modelMatrixY": 0.5,
    "modelParams": {
      "ParamAngleX": -8.205156326293945,
      "ParamAngleY": -30,
      "ParamEyeBallX": -0.12292695045471191,
      "ParamEyeBallY": -1,
      "ParamBodyAngleX": -49.836242056233765
    }
  }
}