{
  "timestamp": "20260417_200718",
  "data": {
    "source": "LAppLive2DManager.onUpdate.isLeftButtonPressed_debug",
    "timestamp": 1776427452072,
    "dragX": -1.1037405909054256,
    "dragY": -0.6464886319386182,
    "isLeftButtonPressed": true,
    "modelMatrixY": 0.5,
    "modelParams": {
      "ParamAngleX": -29.753049850463867,
      "ParamAngleY": -16.619834899902344,
      "ParamEyeBallX": -1,
      "ParamEyeBallY": -0.646488606929779,
      "ParamBodyAngleX": -642.6396857668789
    }
  }
}