{
  "timestamp": "20260417_223515",
  "data": {
    "source": "LAppLive2DManager.onUpdate.isLeftButtonPressed_debug",
    "timestamp": 1776436514585,
    "dragX": -0.06317412347570574,
    "dragY": -1.0093338644540533,
    "isLeftButtonPressed": true,
    "modelMatrixY": 0.5,
    "modelParams": {
      "ParamAngleX": -9.290047645568848,
      "ParamAngleY": -30,
      "ParamEyeBallX": -0.06317412108182907,
      "ParamEyeBallY": -1,
      "ParamBodyAngleX": -8590.179346186447
    }
  }
}