{
  "timestamp": "20260417_202109",
  "data": {
    "source": "LAppLive2DManager.onUpdate.isLeftButtonPressed_debug",
    "timestamp": 1776428469226,
    "dragX": -0.06818422149075484,
    "dragY": -1.7643349474724686,
    "isLeftButtonPressed": true,
    "modelMatrixY": 0.5,
    "modelParams": {
      "ParamAngleX": -5.453105926513672,
      "ParamAngleY": -30,
      "ParamEyeBallX": -0.06818421930074692,
      "ParamEyeBallY": -1,
      "ParamBodyAngleX": -1326.7777207524955
    }
  }
}