{
  "timestamp": "20260417_202346",
  "data": {
    "source": "LAppLive2DManager.onUpdate.isLeftButtonPressed_debug",
    "timestamp": 1776428624925,
    "dragX": -0.16199919031058974,
    "dragY": -0.18387302636806238,
    "isLeftButtonPressed": true,
    "modelMatrixY": 0.5,
    "modelParams": {
      "ParamAngleX": -12.359546661376953,
      "ParamAngleY": -9.500479698181152,
      "ParamEyeBallX": -0.1619991958141327,
      "ParamEyeBallY": -0.1838730275630951,
      "ParamBodyAngleX": -5951.944343767458
    }
  }
}