{
  "timestamp": "20260417_230028",
  "data": {
    "source": "LAppLive2DManager.onUpdate.isLeftButtonPressed_debug",
    "timestamp": 1776438011317,
    "dragX": 0.026593997891157056,
    "dragY": -0.868604916876825,
    "isLeftButtonPressed": true,
    "modelMatrixY": 0.5,
    "modelParams": {
      "ParamAngleX": -6.5868425369262695,
      "ParamAngleY": -25.36656951904297,
      "ParamEyeBallX": 0.026593998074531555,
      "ParamEyeBallY": -0.8686048984527588,
      "ParamBodyAngleX": 2994.176344512347
    }
  }
}