{
  "timestamp": "20260418_001458",
  "data": {
    "source": "LAppLive2DManager.onUpdate.isLeftButtonPressed_debug",
    "timestamp": 1776442178328,
    "dragX": 0.40367285074226633,
    "dragY": -4.308929841649469,
    "isLeftButtonPressed": true,
    "modelMatrixY": 0.5,
    "modelParams": {
      "ParamAngleX": 17.728107452392578,
      "ParamAngleY": -30,
      "ParamEyeBallX": 0.40367284417152405,
      "ParamEyeBallY": -1,
      "ParamBodyAngleX": 42755.74542952968
    }
  }
}