{
  "timestamp": "20260417_234701",
  "data": {
    "source": "LAppLive2DManager.onUpdate.isLeftButtonPressed_debug",
    "timestamp": 1776440805208,
    "dragX": 0.001320072727364576,
    "dragY": -1.2290140084738579,
    "isLeftButtonPressed": true,
    "modelMatrixY": 0.5,
    "modelParams": {
      "ParamAngleX": -2.3193092346191406,
      "ParamAngleY": -30,
      "ParamEyeBallX": 0.0013200726825743914,
      "ParamEyeBallY": -1,
      "ParamBodyAngleX": -52.39325099450055
    }
  }
}