{
  "timestamp": "20260417_212008",
  "data": {
    "source": "LAppLive2DManager.onUpdate.isLeftButtonPressed_debug",
    "timestamp": 1776432005564,
    "dragX": -0.07067515652396013,
    "dragY": -0.8090492115101093,
    "isLeftButtonPressed": true,
    "modelMatrixY": 0.5,
    "modelParams": {
      "ParamAngleX": 3.1392037868499756,
      "ParamAngleY": -28.041038513183594,
      "ParamEyeBallX": -0.07067515701055527,
      "ParamEyeBallY": -0.8090491890907288,
      "ParamBodyAngleX": 29.579932447145932
    }
  }
}