{
  "timestamp": "20260417_220153",
  "data": {
    "source": "LAppLive2DManager.onUpdate.isLeftButtonPressed_debug",
    "timestamp": 1776434282390,
    "dragX": 0.008988253070722499,
    "dragY": 0.009580298878998944,
    "isLeftButtonPressed": false,
    "modelMatrixY": 0.5,
    "modelParams": {
      "ParamAngleX": -5.435767650604248,
      "ParamAngleY": 3.296501398086548,
      "ParamEyeBallX": 0.008988252840936184,
      "ParamEyeBallY": 0.009580299258232117,
      "ParamBodyAngleX": 25637.71996743428
    }
  }
}