{
  "timestamp": "20260417_231311",
  "data": {
    "source": "LAppLive2DManager.onUpdate.isLeftButtonPressed_debug",
    "timestamp": 1776438790481,
    "dragX": 0.0851766694069745,
    "dragY": -1.5986776574369277,
    "isLeftButtonPressed": true,
    "modelMatrixY": 0.5,
    "modelParams": {
      "ParamAngleX": 8.102187156677246,
      "ParamAngleY": -30,
      "ParamEyeBallX": 0.08517666906118393,
      "ParamEyeBallY": -1,
      "ParamBodyAngleX": 334.31687176756583
    }
  }
}