{
  "timestamp": "20260417_213909",
  "data": {
    "source": "LAppLive2DManager.onUpdate.isLeftButtonPressed_debug",
    "timestamp": 1776433080302,
    "dragX": -0.003376049797388158,
    "dragY": -0.0008168885679782174,
    "isLeftButtonPressed": false,
    "modelMatrixY": 0.5,
    "modelParams": {
      "ParamAngleX": -1.8938597440719604,
      "ParamAngleY": -3.9498214721679688,
      "ParamEyeBallX": -0.0033760496880859137,
      "ParamEyeBallY": -0.0008168885833583772,
      "ParamBodyAngleX": 603.9424220335527
    }
  }
}