{
  "timestamp": "20260417_202118",
  "data": {
    "source": "LAppLive2DManager.onUpdate.isLeftButtonPressed_debug",
    "timestamp": 1776428478205,
    "dragX": -0.06044997987478898,
    "dragY": -2.2114367373560286,
    "isLeftButtonPressed": true,
    "modelMatrixY": 0.5,
    "modelParams": {
      "ParamAngleX": 5.333442211151123,
      "ParamAngleY": -26.045711517333984,
      "ParamEyeBallX": -0.060449980199337006,
      "ParamEyeBallY": -1,
      "ParamBodyAngleX": -1258.431877882542
    }
  }
}