{
  "timestamp": "20260418_001028",
  "data": {
    "source": "LAppLive2DManager.onUpdate.isLeftButtonPressed_debug",
    "timestamp": 1776441951903,
    "dragX": 0.608979551769007,
    "dragY": -4.459326574480299,
    "isLeftButtonPressed": true,
    "modelMatrixY": 0.5,
    "modelParams": {
      "ParamAngleX": 18.962507247924805,
      "ParamAngleY": -30,
      "ParamEyeBallX": 0.6089795231819153,
      "ParamEyeBallY": -1,
      "ParamBodyAngleX": 2456.8334104855894
    }
  }
}