{
  "timestamp": "20260417_211743",
  "data": {
    "source": "LAppLive2DManager.onUpdate.isLeftButtonPressed_debug",
    "timestamp": 1776431852563,
    "dragX": -0.07961109180894302,
    "dragY": -0.7598442280991532,
    "isLeftButtonPressed": true,
    "modelMatrixY": 0.5,
    "modelParams": {
      "ParamAngleX": 4.601966857910156,
      "ParamAngleY": -26.183944702148438,
      "ParamEyeBallX": -0.07961109280586243,
      "ParamEyeBallY": -0.7598442435264587,
      "ParamBodyAngleX": -2553.6084887612246
    }
  }
}