{
  "timestamp": "20260418_001402",
  "data": {
    "source": "LAppLive2DManager.onUpdate.isLeftButtonPressed_debug",
    "timestamp": 1776442135546,
    "dragX": 0.614852958008572,
    "dragY": -2.6791183466335724,
    "isLeftButtonPressed": true,
    "modelMatrixY": 0.5,
    "modelParams": {
      "ParamAngleX": 14.477890014648438,
      "ParamAngleY": -30,
      "ParamEyeBallX": 0.6148529648780823,
      "ParamEyeBallY": -1,
      "ParamBodyAngleX": 33529.75229006344
    }
  }
}