{
  "timestamp": "20260417_215932",
  "data": {
    "source": "LAppLive2DManager.onUpdate.isLeftButtonPressed_debug",
    "timestamp": 1776434144667,
    "dragX": 0.008988253070722499,
    "dragY": 0.009580298878998944,
    "isLeftButtonPressed": false,
    "modelMatrixY": 0.5,
    "modelParams": {
      "ParamAngleX": -7.042712688446045,
      "ParamAngleY": 3.784503221511841,
      "ParamEyeBallX": 0.008988252840936184,
      "ParamEyeBallY": 0.009580299258232117,
      "ParamBodyAngleX": 25018.401946855112
    }
  }
}