{
  "timestamp": "20260417_221812",
  "data": {
    "source": "LAppLive2DManager.onUpdate.isLeftButtonPressed_debug",
    "timestamp": 1776435482560,
    "dragX": 0.06813456676175333,
    "dragY": -0.5674300372257894,
    "isLeftButtonPressed": true,
    "modelMatrixY": 0.5,
    "modelParams": {
      "ParamAngleX": 2.4440882205963135,
      "ParamAngleY": -20.326831817626953,
      "ParamEyeBallX": 0.06813456863164902,
      "ParamEyeBallY": -0.5674300193786621,
      "ParamBodyAngleX": 882.9223156358146
    }
  }
}