{
  "timestamp": "20260417_222847",
  "data": {
    "source": "LAppLive2DManager.onUpdate.isLeftButtonPressed_debug",
    "timestamp": 1776436107179,
    "dragX": -0.065821441503702,
    "dragY": -1.3123527567290676,
    "isLeftButtonPressed": true,
    "modelMatrixY": 0.5,
    "modelParams": {
      "ParamAngleX": -6.261397838592529,
      "ParamAngleY": -26.11782455444336,
      "ParamEyeBallX": -0.06582143902778625,
      "ParamEyeBallY": -1,
      "ParamBodyAngleX": -1492.2703644341327
    }
  }
}