{
  "timestamp": "20260418_001110",
  "data": {
    "source": "LAppLive2DManager.onUpdate.isLeftButtonPressed_debug",
    "timestamp": 1776441967107,
    "dragX": 0.5346923195649511,
    "dragY": -3.188436666953705,
    "isLeftButtonPressed": true,
    "modelMatrixY": 0.5,
    "modelParams": {
      "ParamAngleX": 9.099916458129883,
      "ParamAngleY": -30,
      "ParamEyeBallX": 0.5346923470497131,
      "ParamEyeBallY": -1,
      "ParamBodyAngleX": 6109.928332407975
    }
  }
}