{
  "timestamp": "20260418_000903",
  "data": {
    "source": "LAppLive2DManager.onUpdate.isLeftButtonPressed_debug",
    "timestamp": 1776441944017,
    "dragX": 0.2786595445514594,
    "dragY": -3.3546616135951615,
    "isLeftButtonPressed": true,
    "modelMatrixY": 0.5,
    "modelParams": {
      "ParamAngleX": 15.742868423461914,
      "ParamAngleY": -26.96644401550293,
      "ParamEyeBallX": 0.27865955233573914,
      "ParamEyeBallY": -1,
      "ParamBodyAngleX": 1169.3974541548284
    }
  }
}