{
  "timestamp": "20260417_213635",
  "data": {
    "source": "LAppLive2DManager.onUpdate.isLeftButtonPressed_debug",
    "timestamp": 1776432946335,
    "dragX": 0.819760289135628,
    "dragY": -1.6070193859956,
    "isLeftButtonPressed": false,
    "modelMatrixY": 0.5,
    "modelParams": {
      "ParamAngleX": 30,
      "ParamAngleY": -27.802074432373047,
      "ParamEyeBallX": 0.819760262966156,
      "ParamEyeBallY": -1,
      "ParamBodyAngleX": 2585.6392505216604
    }
  }
}