{
  "timestamp": "20260418_001923",
  "data": {
    "source": "LAppLive2DManager.onUpdate.isLeftButtonPressed_debug",
    "timestamp": 1776442762798,
    "dragX": 0.00015778914134813304,
    "dragY": -0.0014753459410792383,
    "isLeftButtonPressed": false,
    "modelMatrixY": 0.5,
    "modelParams": {
      "ParamAngleX": -3.255890130996704,
      "ParamAngleY": 0.019733119755983353,
      "ParamEyeBallX": 0.00015778913802932948,
      "ParamEyeBallY": -0.0014753459254279733,
      "ParamBodyAngleX": 43427.92714775759
    }
  }
}