{
  "timestamp": "20260417_215429",
  "data": {
    "source": "LAppLive2DManager.onUpdate.isLeftButtonPressed_debug",
    "timestamp": 1776434069032,
    "dragX": 0.0527391143819244,
    "dragY": -0.3764036644287328,
    "isLeftButtonPressed": true,
    "modelMatrixY": 0.5,
    "modelParams": {
      "ParamAngleX": -3.0025253295898438,
      "ParamAngleY": -10.779773712158203,
      "ParamEyeBallX": 0.052739113569259644,
      "ParamEyeBallY": -0.37640365958213806,
      "ParamBodyAngleX": 1737.4979065838204
    }
  }
}