{
  "timestamp": "20260417_215052",
  "data": {
    "source": "LAppLive2DManager.onUpdate.isLeftButtonPressed_debug",
    "timestamp": 1776433704554,
    "dragX": 0.5124722100269821,
    "dragY": -0.5216775392870283,
    "isLeftButtonPressed": false,
    "modelMatrixY": 0.5,
    "modelParams": {
      "ParamAngleX": 18.8154296875,
      "ParamAngleY": -18.615678787231445,
      "ParamEyeBallX": 0.5124722123146057,
      "ParamEyeBallY": -0.521677553653717,
      "ParamBodyAngleX": 991.168837796764
    }
  }
}