{
  "timestamp": "20260418_003023",
  "data": {
    "source": "LAppLive2DManager.onUpdate.isLeftButtonPressed_debug",
    "timestamp": 1776443126176,
    "dragX": 0.6660784780918916,
    "dragY": -3.3238648824247314,
    "isLeftButtonPressed": true,
    "modelMatrixY": 0.5,
    "modelParams": {
      "ParamAngleX": 22.520193099975586,
      "ParamAngleY": -26.243091583251953,
      "ParamEyeBallX": 0.6660784482955933,
      "ParamEyeBallY": -1,
      "ParamBodyAngleX": 3695.121660426861
    }
  }
}