{
  "timestamp": "20260417_225544",
  "data": {
    "source": "LAppLive2DManager.onUpdate.isLeftButtonPressed_debug",
    "timestamp": 1776437744176,
    "dragX": 0.009897842104142459,
    "dragY": -0.6530490776891387,
    "isLeftButtonPressed": true,
    "modelMatrixY": 0.5,
    "modelParams": {
      "ParamAngleX": 7.511932373046875,
      "ParamAngleY": -23.538530349731445,
      "ParamEyeBallX": 0.009897842071950436,
      "ParamEyeBallY": -0.6530490517616272,
      "ParamBodyAngleX": 711.2847933568803
    }
  }
}