{
  "timestamp": "20260417_202238",
  "data": {
    "source": "LAppLive2DManager.onUpdate.isLeftButtonPressed_debug",
    "timestamp": 1776428558174,
    "dragX": -0.16199919031058974,
    "dragY": -0.18387302636806238,
    "isLeftButtonPressed": true,
    "modelMatrixY": 0.5,
    "modelParams": {
      "ParamAngleX": -6.573672294616699,
      "ParamAngleY": -8.743144035339355,
      "ParamEyeBallX": -0.1619991958141327,
      "ParamEyeBallY": -0.1838730275630951,
      "ParamBodyAngleX": -2408.8619842771604
    }
  }
}