{
  "timestamp": "20260418_001021",
  "data": {
    "source": "LAppLive2DManager.onUpdate.isLeftButtonPressed_debug",
    "timestamp": 1776441951324,
    "dragX": 0.5718507500570953,
    "dragY": -3.5105524136618835,
    "isLeftButtonPressed": true,
    "modelMatrixY": 0.5,
    "modelParams": {
      "ParamAngleX": 21.690122604370117,
      "ParamAngleY": -28.317272186279297,
      "ParamEyeBallX": 0.5718507766723633,
      "ParamEyeBallY": -1,
      "ParamBodyAngleX": 2264.843994684492
    }
  }
}