{
  "timestamp": "20260417_230141",
  "data": {
    "source": "LAppLive2DManager.onUpdate.isLeftButtonPressed_debug",
    "timestamp": 1776438075344,
    "dragX": 0.026593997891157056,
    "dragY": -0.868604916876825,
    "isLeftButtonPressed": true,
    "modelMatrixY": 0.5,
    "modelParams": {
      "ParamAngleX": -2.64664626121521,
      "ParamAngleY": -28.129810333251953,
      "ParamEyeBallX": 0.026593998074531555,
      "ParamEyeBallY": -0.8686048984527588,
      "ParamBodyAngleX": 3455.297100722577
    }
  }
}