{
  "timestamp": "20260417_201639",
  "data": {
    "source": "LAppLive2DManager.onUpdate.isLeftButtonPressed_debug",
    "timestamp": 1776428157819,
    "dragX": -0.4168187100920822,
    "dragY": -0.5766814101887612,
    "isLeftButtonPressed": true,
    "modelMatrixY": 0.5,
    "modelParams": {
      "ParamAngleX": -5.0062971115112305,
      "ParamAngleY": -18.385284423828125,
      "ParamEyeBallX": -0.4168187081813812,
      "ParamEyeBallY": -0.5766814351081848,
      "ParamBodyAngleX": -4935.344971588396
    }
  }
}