{
  "timestamp": "20260417_215617",
  "data": {
    "source": "LAppLive2DManager.onUpdate.isLeftButtonPressed_debug",
    "timestamp": 1776434177213,
    "dragX": 0.04427277225635962,
    "dragY": -1.6009915686443537,
    "isLeftButtonPressed": true,
    "modelMatrixY": 0.5,
    "modelParams": {
      "ParamAngleX": 8.061409950256348,
      "ParamAngleY": -26.151611328125,
      "ParamEyeBallX": 0.0442727729678154,
      "ParamEyeBallY": -1,
      "ParamBodyAngleX": -49.44844951983205
    }
  }
}