{
  "timestamp": "20260417_225908",
  "data": {
    "source": "LAppLive2DManager.onUpdate.isLeftButtonPressed_debug",
    "timestamp": 1776437942412,
    "dragX": 0.1768633079016876,
    "dragY": -1.8806259797934572,
    "isLeftButtonPressed": true,
    "modelMatrixY": 0.5,
    "modelParams": {
      "ParamAngleX": 12.759193420410156,
      "ParamAngleY": -30,
      "ParamEyeBallX": 0.17686331272125244,
      "ParamEyeBallY": -1,
      "ParamBodyAngleX": 170.02472269917942
    }
  }
}