{
  "timestamp": "20260417_225239",
  "data": {
    "source": "LAppLive2DManager.onUpdate.isLeftButtonPressed_debug",
    "timestamp": 1776437558899,
    "dragX": -0.12292695269590387,
    "dragY": -1.2479842834271655,
    "isLeftButtonPressed": true,
    "modelMatrixY": 0.5,
    "modelParams": {
      "ParamAngleX": -9.666604995727539,
      "ParamAngleY": -26.0487060546875,
      "ParamEyeBallX": -0.12292695045471191,
      "ParamEyeBallY": -1,
      "ParamBodyAngleX": -59.43499161261545
    }
  }
}