{
  "timestamp": "20260417_213622",
  "data": {
    "source": "LAppLive2DManager.onUpdate.isLeftButtonPressed_debug",
    "timestamp": 1776432944795,
    "dragX": 1.2864621621143402,
    "dragY": 0.22158170568026328,
    "isLeftButtonPressed": false,
    "modelMatrixY": 0.5,
    "modelParams": {
      "ParamAngleX": 30,
      "ParamAngleY": 5.940121173858643,
      "ParamEyeBallX": 1,
      "ParamEyeBallY": 0.22158171236515045,
      "ParamBodyAngleX": 1821.5618264917923
    }
  }
}