{
  "timestamp": "20260417_232245",
  "data": {
    "source": "LAppLive2DManager.onUpdate.isLeftButtonPressed_debug",
    "timestamp": 1776439353439,
    "dragX": 0.32991556594736127,
    "dragY": -1.0276820076090327,
    "isLeftButtonPressed": true,
    "modelMatrixY": 0.5,
    "modelParams": {
      "ParamAngleX": 2.8107829093933105,
      "ParamAngleY": -27.282039642333984,
      "ParamEyeBallX": 0.3299155533313751,
      "ParamEyeBallY": -1,
      "ParamBodyAngleX": 3897.7650965565604
    }
  }
}