{
  "timestamp": "20260417_233044",
  "data": {
    "source": "LAppLive2DManager.onUpdate.isLeftButtonPressed_debug",
    "timestamp": 1776439842769,
    "dragX": 0.0722762950359213,
    "dragY": -0.8739174275997146,
    "isLeftButtonPressed": true,
    "modelMatrixY": 0.5,
    "modelParams": {
      "ParamAngleX": 0.3652087152004242,
      "ParamAngleY": -30,
      "ParamEyeBallX": 0.0722762942314148,
      "ParamEyeBallY": -0.8739174008369446,
      "ParamBodyAngleX": 264.61013391256995
    }
  }
}