{
  "timestamp": "20260417_215007",
  "data": {
    "source": "LAppLive2DManager.onUpdate.isLeftButtonPressed_debug",
    "timestamp": 1776433807239,
    "dragX": 0.00022621410869023495,
    "dragY": -0.27218722639138515,
    "isLeftButtonPressed": true,
    "modelMatrixY": 0.5,
    "modelParams": {
      "ParamAngleX": 7.0330352783203125,
      "ParamAngleY": -9.217910766601562,
      "ParamEyeBallX": 0.00022621410607825965,
      "ParamEyeBallY": -0.2721872329711914,
      "ParamBodyAngleX": 453.55213306782696
    }
  }
}