{
  "timestamp": "20260417_225534",
  "data": {
    "source": "LAppLive2DManager.onUpdate.isLeftButtonPressed_debug",
    "timestamp": 1776437734172,
    "dragX": -0.000846995398453846,
    "dragY": -0.32707527867185054,
    "isLeftButtonPressed": true,
    "modelMatrixY": 0.5,
    "modelParams": {
      "ParamAngleX": -6.705378532409668,
      "ParamAngleY": -11.16120433807373,
      "ParamEyeBallX": -0.0008469953900203109,
      "ParamEyeBallY": -0.3270752727985382,
      "ParamBodyAngleX": 531.2369656437862
    }
  }
}