{
  "timestamp": "20260417_200347",
  "data": {
    "source": "LAppLive2DManager.onUpdate.isLeftButtonPressed_debug",
    "timestamp": 1776427267163,
    "dragX": 0.16777229602027818,
    "dragY": -1.3663422971147137,
    "isLeftButtonPressed": true,
    "modelMatrixY": 0.5,
    "modelParams": {
      "ParamAngleX": 12.136796951293945,
      "ParamAngleY": -28.442413330078125,
      "ParamEyeBallX": 0.1677722930908203,
      "ParamEyeBallY": -1,
      "ParamBodyAngleX": 272.61123453824564
    }
  }
}