{
  "timestamp": "20260418_001133",
  "data": {
    "source": "LAppLive2DManager.onUpdate.isLeftButtonPressed_debug",
    "timestamp": 1776441986281,
    "dragX": 0.005928751479992824,
    "dragY": -3.4475160414070225,
    "isLeftButtonPressed": true,
    "modelMatrixY": 0.5,
    "modelParams": {
      "ParamAngleX": -7.318938732147217,
      "ParamAngleY": -26.37453842163086,
      "ParamEyeBallX": 0.0059287515468895435,
      "ParamEyeBallY": -1,
      "ParamBodyAngleX": 11238.714479532518
    }
  }
}