{
  "timestamp": "20260418_001401",
  "data": {
    "source": "LAppLive2DManager.onUpdate.isLeftButtonPressed_debug",
    "timestamp": 1776442135450,
    "dragX": 0.590706999733447,
    "dragY": -2.580354445652014,
    "isLeftButtonPressed": true,
    "modelMatrixY": 0.5,
    "modelParams": {
      "ParamAngleX": 14.389331817626953,
      "ParamAngleY": -30,
      "ParamEyeBallX": 0.590707004070282,
      "ParamEyeBallY": -1,
      "ParamBodyAngleX": 33506.68008495603
    }
  }
}