{
  "timestamp": "20260417_223015",
  "data": {
    "source": "LAppLive2DManager.onUpdate.isLeftButtonPressed_debug",
    "timestamp": 1776436212598,
    "dragX": 0.15142194576163437,
    "dragY": -0.759150414033514,
    "isLeftButtonPressed": true,
    "modelMatrixY": 0.5,
    "modelParams": {
      "ParamAngleX": 4.420067310333252,
      "ParamAngleY": -26.518444061279297,
      "ParamEyeBallX": 0.1514219492673874,
      "ParamEyeBallY": -0.7591503858566284,
      "ParamBodyAngleX": 386.08280269486215
    }
  }
}