{
  "timestamp": "20260417_215641",
  "data": {
    "source": "LAppLive2DManager.onUpdate.isLeftButtonPressed_debug",
    "timestamp": 1776434201236,
    "dragX": 0.3820174693055944,
    "dragY": -2.0488823808228096,
    "isLeftButtonPressed": true,
    "modelMatrixY": 0.5,
    "modelParams": {
      "ParamAngleX": 11.381197929382324,
      "ParamAngleY": -27.866336822509766,
      "ParamEyeBallX": 0.38201746344566345,
      "ParamEyeBallY": -1,
      "ParamBodyAngleX": 703.8972450308472
    }
  }
}