{
  "timestamp": "20260417_215645",
  "data": {
    "source": "LAppLive2DManager.onUpdate.isLeftButtonPressed_debug",
    "timestamp": 1776434205225,
    "dragX": 0.10895716747942082,
    "dragY": -0.3261961464391992,
    "isLeftButtonPressed": true,
    "modelMatrixY": 0.5,
    "modelParams": {
      "ParamAngleX": -1.5339064598083496,
      "ParamAngleY": -5.849709510803223,
      "ParamEyeBallX": 0.10895716398954391,
      "ParamEyeBallY": -0.3261961340904236,
      "ParamBodyAngleX": 767.4742381694194
    }
  }
}