{
  "timestamp": "20260418_003005",
  "data": {
    "source": "LAppLive2DManager.onUpdate.isLeftButtonPressed_debug",
    "timestamp": 1776443109120,
    "dragX": 0.7658219756477965,
    "dragY": -2.5008925206379184,
    "isLeftButtonPressed": true,
    "modelMatrixY": 0.5,
    "modelParams": {
      "ParamAngleX": 25.490428924560547,
      "ParamAngleY": -27.085269927978516,
      "ParamEyeBallX": 0.7658219933509827,
      "ParamEyeBallY": -1,
      "ParamBodyAngleX": 1943.2169596633837
    }
  }
}