{
  "timestamp": "20260417_231318",
  "data": {
    "source": "LAppLive2DManager.onUpdate.isLeftButtonPressed_debug",
    "timestamp": 1776438797286,
    "dragX": 0.26447008270686057,
    "dragY": -0.41958821111339645,
    "isLeftButtonPressed": true,
    "modelMatrixY": 0.5,
    "modelParams": {
      "ParamAngleX": 11.984081268310547,
      "ParamAngleY": -11.44986629486084,
      "ParamEyeBallX": 0.26447007060050964,
      "ParamEyeBallY": -0.41958820819854736,
      "ParamBodyAngleX": 455.7938636729596
    }
  }
}