{
  "timestamp": "20260417_211515",
  "data": {
    "source": "LAppLive2DManager.onUpdate.isLeftButtonPressed_debug",
    "timestamp": 1776431715194,
    "dragX": -0.05907065314382437,
    "dragY": -1.7446089960630382,
    "isLeftButtonPressed": true,
    "modelMatrixY": 0.5,
    "modelParams": {
      "ParamAngleX": 4.788455486297607,
      "ParamAngleY": -30,
      "ParamEyeBallX": -0.0590706542134285,
      "ParamEyeBallY": -1,
      "ParamBodyAngleX": -2510.0084815167575
    }
  }
}