{
  "timestamp": "20260418_000858",
  "data": {
    "source": "LAppLive2DManager.onUpdate.isLeftButtonPressed_debug",
    "timestamp": 1776441943556,
    "dragX": 0.27684175908638475,
    "dragY": -3.0886693756279358,
    "isLeftButtonPressed": true,
    "modelMatrixY": 0.5,
    "modelParams": {
      "ParamAngleX": 15.540557861328125,
      "ParamAngleY": -26.023977279663086,
      "ParamEyeBallX": 0.27684175968170166,
      "ParamEyeBallY": -1,
      "ParamBodyAngleX": 1105.2589155723376
    }
  }
}