{
  "timestamp": "20260417_203146",
  "data": {
    "source": "LAppLive2DManager.onUpdate.isLeftButtonPressed_debug",
    "timestamp": 1776429074601,
    "dragX": -0.390595062696711,
    "dragY": 0.34792296518494586,
    "isLeftButtonPressed": false,
    "modelMatrixY": 0.5,
    "modelParams": {
      "ParamAngleX": -4.2193989753723145,
      "ParamAngleY": 14.201266288757324,
      "ParamEyeBallX": -0.39059504866600037,
      "ParamEyeBallY": 0.3479229509830475,
      "ParamBodyAngleX": 360.012289597175
    }
  }
}