{
  "timestamp": "20260418_084900",
  "data": {
    "source": "LAppLive2DManager.onUpdate.isLeftButtonPressed_debug",
    "timestamp": 1776473336424,
    "dragX": 0.11260370653848903,
    "dragY": -0.8871035591246521,
    "isLeftButtonPressed": true,
    "modelMatrixY": 0.5,
    "modelParams": {
      "ParamAngleX": -2.6707046031951904,
      "ParamAngleY": -22.805381774902344,
      "ParamEyeBallX": 0.11260370910167694,
      "ParamEyeBallY": -0.8871035575866699,
      "ParamBodyAngleX": 217.84291562263022
    }
  }
}