{
  "timestamp": "20260417_215640",
  "data": {
    "source": "LAppLive2DManager.onUpdate.isLeftButtonPressed_debug",
    "timestamp": 1776434200234,
    "dragX": 0.3175258023209592,
    "dragY": -1.7540307549321672,
    "isLeftButtonPressed": true,
    "modelMatrixY": 0.5,
    "modelParams": {
      "ParamAngleX": 3.3546557426452637,
      "ParamAngleY": -30,
      "ParamEyeBallX": 0.31752580404281616,
      "ParamEyeBallY": -1,
      "ParamBodyAngleX": 601.9568412720255
    }
  }
}