{
  "timestamp": "20260417_215451",
  "data": {
    "source": "LAppLive2DManager.onUpdate.isLeftButtonPressed_debug",
    "timestamp": 1776433866749,
    "dragX": 0.6630717723607471,
    "dragY": -0.8421700698281136,
    "isLeftButtonPressed": false,
    "modelMatrixY": 0.5,
    "modelParams": {
      "ParamAngleX": 27.390981674194336,
      "ParamAngleY": -26.151844024658203,
      "ParamEyeBallX": 0.6630717515945435,
      "ParamEyeBallY": -0.8421700596809387,
      "ParamBodyAngleX": 23449.139873939686
    }
  }
}