{
  "timestamp": "20260418_003141",
  "data": {
    "source": "LAppLive2DManager.onUpdate.isLeftButtonPressed_debug",
    "timestamp": 1776443212541,
    "dragX": 0.43050893069314766,
    "dragY": -7.255553308780631,
    "isLeftButtonPressed": true,
    "modelMatrixY": 0.5,
    "modelParams": {
      "ParamAngleX": 20.347536087036133,
      "ParamAngleY": -30,
      "ParamEyeBallX": 0.43050894141197205,
      "ParamEyeBallY": -1,
      "ParamBodyAngleX": 6509.897765006993
    }
  }
}