{
  "timestamp": "20260417_202021",
  "data": {
    "source": "LAppLive2DManager.onUpdate.isLeftButtonPressed_debug",
    "timestamp": 1776428421142,
    "dragX": -0.3390806018347565,
    "dragY": -0.5305553469831056,
    "isLeftButtonPressed": true,
    "modelMatrixY": 0.5,
    "modelParams": {
      "ParamAngleX": -13.167613983154297,
      "ParamAngleY": -14.003743171691895,
      "ParamEyeBallX": -0.3390806019306183,
      "ParamEyeBallY": -0.5305553674697876,
      "ParamBodyAngleX": 169.23286422748373
    }
  }
}