{
  "timestamp": "20260417_213610",
  "data": {
    "source": "LAppLive2DManager.onUpdate.isLeftButtonPressed_debug",
    "timestamp": 1776432943153,
    "dragX": 1.2864621621143402,
    "dragY": 0.22158170568026328,
    "isLeftButtonPressed": false,
    "modelMatrixY": 0.5,
    "modelParams": {
      "ParamAngleX": 23.109365463256836,
      "ParamAngleY": 6.496385097503662,
      "ParamEyeBallX": 1,
      "ParamEyeBallY": 0.22158171236515045,
      "ParamBodyAngleX": 739.8368543252177
    }
  }
}