{
  "timestamp": "20260417_203255",
  "data": {
    "source": "LAppLive2DManager.onUpdate.isLeftButtonPressed_debug",
    "timestamp": 1776429083232,
    "dragX": -0.20466734740175874,
    "dragY": 0.39248119221592453,
    "isLeftButtonPressed": false,
    "modelMatrixY": 0.5,
    "modelParams": {
      "ParamAngleX": -9.230789184570312,
      "ParamAngleY": 7.77518367767334,
      "ParamEyeBallX": -0.2046673446893692,
      "ParamEyeBallY": 0.3924811780452728,
      "ParamBodyAngleX": -273.08305879927093
    }
  }
}