{
  "timestamp": "20260417_215054",
  "data": {
    "source": "LAppLive2DManager.onUpdate.isLeftButtonPressed_debug",
    "timestamp": 1776433705679,
    "dragX": 0.5124722100269821,
    "dragY": -0.5216775392870283,
    "isLeftButtonPressed": false,
    "modelMatrixY": 0.5,
    "modelParams": {
      "ParamAngleX": 11.137852668762207,
      "ParamAngleY": -16.891633987426758,
      "ParamEyeBallX": 0.5124722123146057,
      "ParamEyeBallY": -0.521677553653717,
      "ParamBodyAngleX": 1034.5473714592417
    }
  }
}