{
  "timestamp": "20260417_213629",
  "data": {
    "source": "LAppLive2DManager.onUpdate.isLeftButtonPressed_debug",
    "timestamp": 1776432945620,
    "dragX": 0.8729024270896323,
    "dragY": -1.4208131150161665,
    "isLeftButtonPressed": false,
    "modelMatrixY": 0.5,
    "modelParams": {
      "ParamAngleX": 30,
      "ParamAngleY": -26.16598892211914,
      "ParamEyeBallX": 0.8729024529457092,
      "ParamEyeBallY": -1,
      "ParamBodyAngleX": 2309.4182109981557
    }
  }
}