{
  "timestamp": "20260417_212225",
  "data": {
    "source": "LAppLive2DManager.onUpdate.isLeftButtonPressed_debug",
    "timestamp": 1776432118261,
    "dragX": 0.006574345010864007,
    "dragY": -0.4076368098027249,
    "isLeftButtonPressed": true,
    "modelMatrixY": 0.5,
    "modelParams": {
      "ParamAngleX": -5.09809684753418,
      "ParamAngleY": -14.248828887939453,
      "ParamEyeBallX": 0.0065743448212742805,
      "ParamEyeBallY": -0.407636821269989,
      "ParamBodyAngleX": 76.36892720469383
    }
  }
}