{
  "timestamp": "20260417_210837",
  "data": {
    "source": "LAppLive2DManager.onUpdate.isLeftButtonPressed_debug",
    "timestamp": 1776431317222,
    "dragX": -0.023018197527544762,
    "dragY": -0.30515510995808715,
    "isLeftButtonPressed": true,
    "modelMatrixY": 0.5,
    "modelParams": {
      "ParamAngleX": 6.777274131774902,
      "ParamAngleY": -6.3416666984558105,
      "ParamEyeBallX": -0.02301819808781147,
      "ParamEyeBallY": -0.30515509843826294,
      "ParamBodyAngleX": -1293.6199457270357
    }
  }
}