{
  "timestamp": "20260417_195714",
  "data": {
    "source": "LAppLive2DManager.onUpdate.isLeftButtonPressed_debug",
    "timestamp": 1776427019733,
    "dragX": -0.6648843187991018,
    "dragY": -0.07687127355784618,
    "isLeftButtonPressed": true,
    "modelMatrixY": 0.5,
    "modelParams": {
      "ParamAngleX": -13.206171035766602,
      "ParamAngleY": 1.2848020792007446,
      "ParamEyeBallX": -0.6648843288421631,
      "ParamEyeBallY": -0.07687127590179443,
      "ParamBodyAngleX": 113.9792496072329
    }
  }
}