{
  "timestamp": "20260418_001031",
  "data": {
    "source": "LAppLive2DManager.onUpdate.isLeftButtonPressed_debug",
    "timestamp": 1776441952056,
    "dragX": 0.608979551769007,
    "dragY": -4.459326574480299,
    "isLeftButtonPressed": true,
    "modelMatrixY": 0.5,
    "modelParams": {
      "ParamAngleX": 17.867534637451172,
      "ParamAngleY": -30,
      "ParamEyeBallX": 0.6089795231819153,
      "ParamEyeBallY": -1,
      "ParamBodyAngleX": 2503.8616190045013
    }
  }
}