{
  "timestamp": "20260417_231533",
  "data": {
    "source": "LAppLive2DManager.onUpdate.isLeftButtonPressed_debug",
    "timestamp": 1776438930207,
    "dragX": -0.0012423117492913922,
    "dragY": -0.001247170234431098,
    "isLeftButtonPressed": false,
    "modelMatrixY": 0.5,
    "modelParams": {
      "ParamAngleX": -7.537264823913574,
      "ParamAngleY": 1.4346202611923218,
      "ParamEyeBallX": -0.0012423117877915502,
      "ParamEyeBallY": -0.0012471702648326755,
      "ParamBodyAngleX": 23919.90032636238
    }
  }
}