{
  "timestamp": "20260418_001233",
  "data": {
    "source": "LAppLive2DManager.onUpdate.isLeftButtonPressed_debug",
    "timestamp": 1776442040856,
    "dragX": -0.0005195330160132731,
    "dragY": 0.001584907723030415,
    "isLeftButtonPressed": false,
    "modelMatrixY": 0.5,
    "modelParams": {
      "ParamAngleX": 4.290379524230957,
      "ParamAngleY": -3.9439778327941895,
      "ParamEyeBallX": -0.0005195330013521016,
      "ParamEyeBallY": 0.0015849077608436346,
      "ParamBodyAngleX": 18006.44619625907
    }
  }
}