{
  "timestamp": "20260417_221725",
  "data": {
    "source": "LAppLive2DManager.onUpdate.isLeftButtonPressed_debug",
    "timestamp": 1776435441668,
    "dragX": -0.09112277464207776,
    "dragY": -0.26785209447273955,
    "isLeftButtonPressed": true,
    "modelMatrixY": 0.5,
    "modelParams": {
      "ParamAngleX": -10.23350715637207,
      "ParamAngleY": -5.974555492401123,
      "ParamEyeBallX": -0.09112277626991272,
      "ParamEyeBallY": -0.2678520977497101,
      "ParamBodyAngleX": 316.35079681656936
    }
  }
}