{
  "timestamp": "20260417_223509",
  "data": {
    "source": "LAppLive2DManager.onUpdate.isLeftButtonPressed_debug",
    "timestamp": 1776436509122,
    "dragX": -0.08709984618741637,
    "dragY": -0.2827906375746184,
    "isLeftButtonPressed": true,
    "modelMatrixY": 0.5,
    "modelParams": {
      "ParamAngleX": -7.480393409729004,
      "ParamAngleY": -4.606738567352295,
      "ParamEyeBallX": -0.0870998427271843,
      "ParamEyeBallY": -0.2827906310558319,
      "ParamBodyAngleX": -8761.639853841882
    }
  }
}