{
  "timestamp": "20260417_210933",
  "data": {
    "source": "LAppLive2DManager.onUpdate.isLeftButtonPressed_debug",
    "timestamp": 1776431367584,
    "dragX": 0.0008345942526357159,
    "dragY": -1.003172673264562,
    "isLeftButtonPressed": true,
    "modelMatrixY": 0.5,
    "modelParams": {
      "ParamAngleX": -1.2381458282470703,
      "ParamAngleY": -30,
      "ParamEyeBallX": 0.0008345942478626966,
      "ParamEyeBallY": -1,
      "ParamBodyAngleX": -1208.6045704486735
    }
  }
}