{
  "timestamp": "20260417_223032",
  "data": {
    "source": "LAppLive2DManager.onUpdate.isLeftButtonPressed_debug",
    "timestamp": 1776436232055,
    "dragX": -0.1316698411352926,
    "dragY": -0.6313246224747986,
    "isLeftButtonPressed": true,
    "modelMatrixY": 0.5,
    "modelParams": {
      "ParamAngleX": -3.249793291091919,
      "ParamAngleY": -21.353988647460938,
      "ParamEyeBallX": -0.13166983425617218,
      "ParamEyeBallY": -0.6313246488571167,
      "ParamBodyAngleX": 93.45162123335322
    }
  }
}