{
  "timestamp": "20260417_221730",
  "data": {
    "source": "LAppLive2DManager.onUpdate.isLeftButtonPressed_debug",
    "timestamp": 1776435412835,
    "dragX": 0.0006827715395780129,
    "dragY": 0.00013970418351826226,
    "isLeftButtonPressed": false,
    "modelMatrixY": 0.5,
    "modelParams": {
      "ParamAngleX": 2.1575262546539307,
      "ParamAngleY": -1.6121385097503662,
      "ParamEyeBallX": 0.0006827715551480651,
      "ParamEyeBallY": 0.00013970417785458267,
      "ParamBodyAngleX": -133.8211268218532
    }
  }
}