{
  "timestamp": "20260417_213651",
  "data": {
    "source": "LAppLive2DManager.onUpdate.isLeftButtonPressed_debug",
    "timestamp": 1776432948204,
    "dragX": -0.001204562397684926,
    "dragY": 0.009196456568678343,
    "isLeftButtonPressed": false,
    "modelMatrixY": 0.5,
    "modelParams": {
      "ParamAngleX": -3.982394218444824,
      "ParamAngleY": -1.2849669456481934,
      "ParamEyeBallX": -0.0012045623734593391,
      "ParamEyeBallY": 0.009196456521749496,
      "ParamBodyAngleX": 2586.741304226143
    }
  }
}