{
  "timestamp": "20260417_210834",
  "data": {
    "source": "LAppLive2DManager.onUpdate.isLeftButtonPressed_debug",
    "timestamp": 1776431314219,
    "dragX": 0.039785791722961525,
    "dragY": -1.394116180318231,
    "isLeftButtonPressed": true,
    "modelMatrixY": 0.5,
    "modelParams": {
      "ParamAngleX": -5.837707042694092,
      "ParamAngleY": -30,
      "ParamEyeBallX": 0.03978579118847847,
      "ParamEyeBallY": -1,
      "ParamBodyAngleX": -1433.9663467095734
    }
  }
}