{
  "timestamp": "20260417_225324",
  "data": {
    "source": "LAppLive2DManager.onUpdate.isLeftButtonPressed_debug",
    "timestamp": 1776437601244,
    "dragX": 0.0471602450737183,
    "dragY": -1.2327691661867919,
    "isLeftButtonPressed": true,
    "modelMatrixY": 0.5,
    "modelParams": {
      "ParamAngleX": 7.908795356750488,
      "ParamAngleY": -26.00225067138672,
      "ParamEyeBallX": 0.04716024547815323,
      "ParamEyeBallY": -1,
      "ParamBodyAngleX": 27.771921461657662
    }
  }
}