{
  "timestamp": "20260417_231307",
  "data": {
    "source": "LAppLive2DManager.onUpdate.isLeftButtonPressed_debug",
    "timestamp": 1776438786608,
    "dragX": 0.055062921316563984,
    "dragY": -0.6960108326755129,
    "isLeftButtonPressed": true,
    "modelMatrixY": 0.5,
    "modelParams": {
      "ParamAngleX": -5.761589527130127,
      "ParamAngleY": -19.2072811126709,
      "ParamEyeBallX": 0.0550629198551178,
      "ParamEyeBallY": -0.6960108280181885,
      "ParamBodyAngleX": 153.83239232692537
    }
  }
}