{
  "timestamp": "20260418_001333",
  "data": {
    "source": "LAppLive2DManager.onUpdate.isLeftButtonPressed_debug",
    "timestamp": 1776442097406,
    "dragX": 0.6061317381887461,
    "dragY": -1.6640905428819335,
    "isLeftButtonPressed": false,
    "modelMatrixY": 0.5,
    "modelParams": {
      "ParamAngleX": 10.684181213378906,
      "ParamAngleY": -30,
      "ParamEyeBallX": 0.6061317324638367,
      "ParamEyeBallY": -1,
      "ParamBodyAngleX": 33564.98875432631
    }
  }
}