{
  "timestamp": "20260417_203207",
  "data": {
    "source": "LAppLive2DManager.onUpdate.isLeftButtonPressed_debug",
    "timestamp": 1776429127196,
    "dragX": -0.0365406279847399,
    "dragY": -0.8836153231089074,
    "isLeftButtonPressed": true,
    "modelMatrixY": 0.5,
    "modelParams": {
      "ParamAngleX": 3.9922873973846436,
      "ParamAngleY": -30,
      "ParamEyeBallX": -0.03654062747955322,
      "ParamEyeBallY": -0.8836153149604797,
      "ParamBodyAngleX": -14.603803771181088
    }
  }
}