{
  "timestamp": "20260417_223026",
  "data": {
    "source": "LAppLive2DManager.onUpdate.isLeftButtonPressed_debug",
    "timestamp": 1776436219482,
    "dragX": 0.15142194576163437,
    "dragY": -0.759150414033514,
    "isLeftButtonPressed": true,
    "modelMatrixY": 0.5,
    "modelParams": {
      "ParamAngleX": 6.8724565505981445,
      "ParamAngleY": -25.844839096069336,
      "ParamEyeBallX": 0.1514219492673874,
      "ParamEyeBallY": -0.7591503858566284,
      "ParamBodyAngleX": 906.7970560443531
    }
  }
}