{
  "timestamp": "20260418_001157",
  "data": {
    "source": "LAppLive2DManager.onUpdate.isLeftButtonPressed_debug",
    "timestamp": 1776442007687,
    "dragX": 0.27613574617206277,
    "dragY": -2.658200631125222,
    "isLeftButtonPressed": true,
    "modelMatrixY": 0.5,
    "modelParams": {
      "ParamAngleX": 9.272773742675781,
      "ParamAngleY": -27.179439544677734,
      "ParamEyeBallX": 0.27613574266433716,
      "ParamEyeBallY": -1,
      "ParamBodyAngleX": 14211.392362402097
    }
  }
}