{
  "timestamp": "20260418_000833",
  "data": {
    "source": "LAppLive2DManager.onUpdate.isLeftButtonPressed_debug",
    "timestamp": 1776441941698,
    "dragX": 0.4091996784899315,
    "dragY": -3.8253193584778353,
    "isLeftButtonPressed": true,
    "modelMatrixY": 0.5,
    "modelParams": {
      "ParamAngleX": 8.791548728942871,
      "ParamAngleY": -30,
      "ParamEyeBallX": 0.40919968485832214,
      "ParamEyeBallY": -1,
      "ParamBodyAngleX": 772.9617145833564
    }
  }
}