{
  "timestamp": "20260418_001501",
  "data": {
    "source": "LAppLive2DManager.onUpdate.isLeftButtonPressed_debug",
    "timestamp": 1776442179008,
    "dragX": 0.40367285074226633,
    "dragY": -4.308929841649469,
    "isLeftButtonPressed": true,
    "modelMatrixY": 0.5,
    "modelParams": {
      "ParamAngleX": 19.589033126831055,
      "ParamAngleY": -30,
      "ParamEyeBallX": 0.40367284417152405,
      "ParamEyeBallY": -1,
      "ParamBodyAngleX": 42827.83472076091
    }
  }
}