{
  "timestamp": "20260417_215609",
  "data": {
    "source": "LAppLive2DManager.onUpdate.isLeftButtonPressed_debug",
    "timestamp": 1776434169227,
    "dragX": -0.001609031173214862,
    "dragY": -0.5733167788655951,
    "isLeftButtonPressed": true,
    "modelMatrixY": 0.5,
    "modelParams": {
      "ParamAngleX": 4.383713722229004,
      "ParamAngleY": -16.33184051513672,
      "ParamEyeBallX": -0.0016090312274172902,
      "ParamEyeBallY": -0.573316752910614,
      "ParamBodyAngleX": 277.139139357966
    }
  }
}