{
  "timestamp": "20260417_213117",
  "data": {
    "source": "LAppLive2DManager.onUpdate.isLeftButtonPressed_debug",
    "timestamp": 1776432661637,
    "dragX": 0.00026566405463997276,
    "dragY": -0.006252371062196518,
    "isLeftButtonPressed": false,
    "modelMatrixY": 0.5,
    "modelParams": {
      "ParamAngleX": -1.0218214988708496,
      "ParamAngleY": -3.8715057373046875,
      "ParamEyeBallX": 0.0002656640426721424,
      "ParamEyeBallY": -0.0062523712404072285,
      "ParamBodyAngleX": 262.72272142195516
    }
  }
}