{
  "timestamp": "20260417_202049",
  "data": {
    "source": "LAppLive2DManager.onUpdate.isLeftButtonPressed_debug",
    "timestamp": 1776428449225,
    "dragX": 0.31823482735912784,
    "dragY": -0.841363456580445,
    "isLeftButtonPressed": true,
    "modelMatrixY": 0.5,
    "modelParams": {
      "ParamAngleX": 3.799715995788574,
      "ParamAngleY": -24.712703704833984,
      "ParamEyeBallX": 0.3182348310947418,
      "ParamEyeBallY": -0.8413634300231934,
      "ParamBodyAngleX": -1169.3565631959675
    }
  }
}