{
  "timestamp": "20260417_233829",
  "data": {
    "source": "LAppLive2DManager.onUpdate.isLeftButtonPressed_debug",
    "timestamp": 1776440308656,
    "dragX": -0.09353185061995707,
    "dragY": -1.3338334497937743,
    "isLeftButtonPressed": true,
    "modelMatrixY": 0.5,
    "modelParams": {
      "ParamAngleX": 4.392063140869141,
      "ParamAngleY": -26.041013717651367,
      "ParamEyeBallX": -0.09353184700012207,
      "ParamEyeBallY": -1,
      "ParamBodyAngleX": 398.8203921722473
    }
  }
}