{
  "timestamp": "20260417_200708",
  "data": {
    "source": "LAppLive2DManager.onUpdate.isLeftButtonPressed_debug",
    "timestamp": 1776427442503,
    "dragX": -0.049310902263108594,
    "dragY": 0.07936727904571017,
    "isLeftButtonPressed": true,
    "modelMatrixY": 0.5,
    "modelParams": {
      "ParamAngleX": -0.08484240621328354,
      "ParamAngleY": -1.1186615228652954,
      "ParamEyeBallX": -0.04931090399622917,
      "ParamEyeBallY": 0.07936728000640869,
      "ParamBodyAngleX": 161.88795054955884
    }
  }
}