{
  "timestamp": "20260417_231308",
  "data": {
    "source": "LAppLive2DManager.onUpdate.isLeftButtonPressed_debug",
    "timestamp": 1776438787643,
    "dragX": 0.07673953531236502,
    "dragY": -0.6296762653511492,
    "isLeftButtonPressed": true,
    "modelMatrixY": 0.5,
    "modelParams": {
      "ParamAngleX": -0.7737916111946106,
      "ParamAngleY": -22.838777542114258,
      "ParamEyeBallX": 0.07673953473567963,
      "ParamEyeBallY": -0.6296762824058533,
      "ParamBodyAngleX": 230.50163914055864
    }
  }
}