{
  "timestamp": "20260417_234441",
  "data": {
    "source": "LAppLive2DManager.onUpdate.isLeftButtonPressed_debug",
    "timestamp": 1776440649960,
    "dragX": 0.5895037789550268,
    "dragY": -1.9999524115120593,
    "isLeftButtonPressed": true,
    "modelMatrixY": 0.5,
    "modelParams": {
      "ParamAngleX": 16.530467987060547,
      "ParamAngleY": -30,
      "ParamEyeBallX": 0.5895037651062012,
      "ParamEyeBallY": -1,
      "ParamBodyAngleX": 18857.239760550812
    }
  }
}