{
  "timestamp": "20260418_001038",
  "data": {
    "source": "LAppLive2DManager.onUpdate.isLeftButtonPressed_debug",
    "timestamp": 1776441952692,
    "dragX": 0.3900487447173176,
    "dragY": -4.604377846564171,
    "isLeftButtonPressed": true,
    "modelMatrixY": 0.5,
    "modelParams": {
      "ParamAngleX": 7.066988468170166,
      "ParamAngleY": -30,
      "ParamEyeBallX": 0.3900487422943115,
      "ParamEyeBallY": -1,
      "ParamBodyAngleX": 2700.3379180030793
    }
  }
}