{
  "timestamp": "20260417_212635",
  "data": {
    "source": "LAppLive2DManager.onUpdate.isLeftButtonPressed_debug",
    "timestamp": 1776432395220,
    "dragX": 0.00598606100750174,
    "dragY": -0.20615254475756417,
    "isLeftButtonPressed": true,
    "modelMatrixY": 0.5,
    "modelParams": {
      "ParamAngleX": 7.677807331085205,
      "ParamAngleY": -2.899803876876831,
      "ParamEyeBallX": 0.005986060947179794,
      "ParamEyeBallY": -0.20615254342556,
      "ParamBodyAngleX": -42.21367903660752
    }
  }
}