{
  "timestamp": "20260417_221713",
  "data": {
    "source": "LAppLive2DManager.onUpdate.isLeftButtonPressed_debug",
    "timestamp": 1776435431275,
    "dragX": 0.05928018288196143,
    "dragY": -0.6736231071099519,
    "isLeftButtonPressed": true,
    "modelMatrixY": 0.5,
    "modelParams": {
      "ParamAngleX": 8.122353553771973,
      "ParamAngleY": -17.04155731201172,
      "ParamEyeBallX": 0.05928018316626549,
      "ParamEyeBallY": -0.6736230850219727,
      "ParamBodyAngleX": 335.48300878401926
    }
  }
}