{
  "timestamp": "20260418_000816",
  "data": {
    "source": "LAppLive2DManager.onUpdate.isLeftButtonPressed_debug",
    "timestamp": 1776441940231,
    "dragX": 0.4131158047253016,
    "dragY": -3.856522454469124,
    "isLeftButtonPressed": true,
    "modelMatrixY": 0.5,
    "modelParams": {
      "ParamAngleX": 5.278931617736816,
      "ParamAngleY": -26.13741111755371,
      "ParamEyeBallX": 0.41311579942703247,
      "ParamEyeBallY": -1,
      "ParamBodyAngleX": 327.628616439252
    }
  }
}