{
  "timestamp": "20260417_213646",
  "data": {
    "source": "LAppLive2DManager.onUpdate.isLeftButtonPressed_debug",
    "timestamp": 1776432947690,
    "dragX": -0.001204562397684926,
    "dragY": 0.009196456568678343,
    "isLeftButtonPressed": false,
    "modelMatrixY": 0.5,
    "modelParams": {
      "ParamAngleX": -0.4703899025917053,
      "ParamAngleY": -3.5971181392669678,
      "ParamEyeBallX": -0.0012045623734593391,
      "ParamEyeBallY": 0.009196456521749496,
      "ParamBodyAngleX": 2626.0979426192926
    }
  }
}