{
  "timestamp": "20260417_203238",
  "data": {
    "source": "LAppLive2DManager.onUpdate.isLeftButtonPressed_debug",
    "timestamp": 1776429158047,
    "dragX": -0.0365406279847399,
    "dragY": -0.8836153231089074,
    "isLeftButtonPressed": true,
    "modelMatrixY": 0.5,
    "modelParams": {
      "ParamAngleX": -7.438243389129639,
      "ParamAngleY": -26.35028839111328,
      "ParamEyeBallX": -0.03654062747955322,
      "ParamEyeBallY": -0.8836153149604797,
      "ParamBodyAngleX": -397.78669279313624
    }
  }
}