{
  "timestamp": "20260417_233317",
  "data": {
    "source": "LAppLive2DManager.onUpdate.isLeftButtonPressed_debug",
    "timestamp": 1776439987031,
    "dragX": 0.2393830791928838,
    "dragY": -1.3706643348563943,
    "isLeftButtonPressed": true,
    "modelMatrixY": 0.5,
    "modelParams": {
      "ParamAngleX": 8.9635648727417,
      "ParamAngleY": -30,
      "ParamEyeBallX": 0.23938308656215668,
      "ParamEyeBallY": -1,
      "ParamBodyAngleX": 12392.480864580875
    }
  }
}