{
  "timestamp": "20260417_200354",
  "data": {
    "source": "LAppLive2DManager.onUpdate.isLeftButtonPressed_debug",
    "timestamp": 1776427268322,
    "dragX": -0.05055472255571042,
    "dragY": -0.3081703663087749,
    "isLeftButtonPressed": true,
    "modelMatrixY": 0.5,
    "modelParams": {
      "ParamAngleX": 3.7684617042541504,
      "ParamAngleY": -6.731446743011475,
      "ParamEyeBallX": -0.05055472254753113,
      "ParamEyeBallY": -0.3081703782081604,
      "ParamBodyAngleX": 138.41087298851286
    }
  }
}