{
  "timestamp": "20260417_225609",
  "data": {
    "source": "LAppLive2DManager.onUpdate.isLeftButtonPressed_debug",
    "timestamp": 1776437769174,
    "dragX": -0.0006277314479609837,
    "dragY": 0.00012985831887244587,
    "isLeftButtonPressed": false,
    "modelMatrixY": 0.5,
    "modelParams": {
      "ParamAngleX": 1.4499813318252563,
      "ParamAngleY": -3.2584028244018555,
      "ParamEyeBallX": -0.0006277314387261868,
      "ParamEyeBallY": 0.0001298583229072392,
      "ParamBodyAngleX": 1544.0771480296826
    }
  }
}