{
  "timestamp": "20260418_082453",
  "data": {
    "source": "LAppLive2DManager.onUpdate.isLeftButtonPressed_debug",
    "timestamp": 1776471879906,
    "dragX": 0.03203662210860883,
    "dragY": -5.173129272221723,
    "isLeftButtonPressed": true,
    "modelMatrixY": 0.5,
    "modelParams": {
      "ParamAngleX": 5.0746026039123535,
      "ParamAngleY": -30,
      "ParamEyeBallX": 0.03203662112355232,
      "ParamEyeBallY": -1,
      "ParamBodyAngleX": 1239.6962570221926
    }
  }
}