{
  "timestamp": "20260417_231333",
  "data": {
    "source": "LAppLive2DManager.onUpdate.isLeftButtonPressed_debug",
    "timestamp": 1776438811935,
    "dragX": 0.5858661835697742,
    "dragY": -0.9889213977441605,
    "isLeftButtonPressed": true,
    "modelMatrixY": 0.5,
    "modelParams": {
      "ParamAngleX": 11.493239402770996,
      "ParamAngleY": -30,
      "ParamEyeBallX": 0.5858662128448486,
      "ParamEyeBallY": -0.9889214038848877,
      "ParamBodyAngleX": 1610.9926359845635
    }
  }
}