{
  "timestamp": "20260418_001308",
  "data": {
    "source": "LAppLive2DManager.onUpdate.isLeftButtonPressed_debug",
    "timestamp": 1776442073165,
    "dragX": 0.03214890328613164,
    "dragY": -0.11117049258348656,
    "isLeftButtonPressed": true,
    "modelMatrixY": 0.5,
    "modelParams": {
      "ParamAngleX": 2.9350533485412598,
      "ParamAngleY": -5.63447380065918,
      "ParamEyeBallX": 0.03214890509843826,
      "ParamEyeBallY": -0.11117049306631088,
      "ParamBodyAngleX": 25096.627603869016
    }
  }
}