{
  "timestamp": "20260417_225552",
  "data": {
    "source": "LAppLive2DManager.onUpdate.isLeftButtonPressed_debug",
    "timestamp": 1776437752141,
    "dragX": 0.0021518128113444286,
    "dragY": -0.0006055672843779548,
    "isLeftButtonPressed": false,
    "modelMatrixY": 0.5,
    "modelParams": {
      "ParamAngleX": 3.460886240005493,
      "ParamAngleY": 0.7311137914657593,
      "ParamEyeBallX": 0.002151812892407179,
      "ParamEyeBallY": -0.0006055673002265394,
      "ParamBodyAngleX": 802.3524391323004
    }
  }
}