{
  "timestamp": "20260417_215232",
  "data": {
    "source": "LAppLive2DManager.onUpdate.isLeftButtonPressed_debug",
    "timestamp": 1776433741722,
    "dragX": 0.6630717723607471,
    "dragY": -0.8421700698281136,
    "isLeftButtonPressed": false,
    "modelMatrixY": 0.5,
    "modelParams": {
      "ParamAngleX": 24.996530532836914,
      "ParamAngleY": -21.865198135375977,
      "ParamEyeBallX": 0.6630717515945435,
      "ParamEyeBallY": -0.8421700596809387,
      "ParamBodyAngleX": 4608.596857086574
    }
  }
}