{
  "timestamp": "20260418_001421",
  "data": {
    "source": "LAppLive2DManager.onUpdate.isLeftButtonPressed_debug",
    "timestamp": 1776442141219,
    "dragX": 0.8603453364621563,
    "dragY": -3.532461483523976,
    "isLeftButtonPressed": true,
    "modelMatrixY": 0.5,
    "modelParams": {
      "ParamAngleX": 27.838289260864258,
      "ParamAngleY": -26.67913055419922,
      "ParamEyeBallX": 0.8603453636169434,
      "ParamEyeBallY": -1,
      "ParamBodyAngleX": 35901.605196347584
    }
  }
}