{
  "timestamp": "20260417_233108",
  "data": {
    "source": "LAppLive2DManager.onUpdate.isLeftButtonPressed_debug",
    "timestamp": 1776439865621,
    "dragX": 0.03565050087827057,
    "dragY": -1.449816599035054,
    "isLeftButtonPressed": true,
    "modelMatrixY": 0.5,
    "modelParams": {
      "ParamAngleX": 3.0035459995269775,
      "ParamAngleY": -26.004148483276367,
      "ParamEyeBallX": 0.035650499165058136,
      "ParamEyeBallY": -1,
      "ParamBodyAngleX": 1966.9756043774703
    }
  }
}