{
  "timestamp": "20260417_201522",
  "data": {
    "source": "LAppLive2DManager.onUpdate.isLeftButtonPressed_debug",
    "timestamp": 1776428102685,
    "dragX": -0.3008038449814963,
    "dragY": -0.3992323895547382,
    "isLeftButtonPressed": true,
    "modelMatrixY": 0.5,
    "modelParams": {
      "ParamAngleX": -15.858017921447754,
      "ParamAngleY": -8.899819374084473,
      "ParamEyeBallX": -0.3008038401603699,
      "ParamEyeBallY": -0.3992323875427246,
      "ParamBodyAngleX": -218.51723569884
    }
  }
}