{
  "timestamp": "20260418_000333",
  "data": {
    "source": "LAppLive2DManager.onUpdate.isLeftButtonPressed_debug",
    "timestamp": 1776441659977,
    "dragX": 0.6524554955568124,
    "dragY": -3.015522067047594,
    "isLeftButtonPressed": true,
    "modelMatrixY": 0.5,
    "modelParams": {
      "ParamAngleX": 15.19859790802002,
      "ParamAngleY": -27.49602699279785,
      "ParamEyeBallX": 0.6524555087089539,
      "ParamEyeBallY": -1,
      "ParamBodyAngleX": 272.98596055006897
    }
  }
}