{
  "timestamp": "20260417_212510",
  "data": {
    "source": "LAppLive2DManager.onUpdate.isLeftButtonPressed_debug",
    "timestamp": 1776432304136,
    "dragX": 0.022481190023348724,
    "dragY": -0.2949125084341666,
    "isLeftButtonPressed": true,
    "modelMatrixY": 0.5,
    "modelParams": {
      "ParamAngleX": 3.819315195083618,
      "ParamAngleY": -5.329769611358643,
      "ParamEyeBallX": 0.022481190040707588,
      "ParamEyeBallY": -0.29491251707077026,
      "ParamBodyAngleX": 8222.779282024034
    }
  }
}