{
  "timestamp": "20260417_232341",
  "data": {
    "source": "LAppLive2DManager.onUpdate.isLeftButtonPressed_debug",
    "timestamp": 1776439402255,
    "dragX": 0.32991556594736127,
    "dragY": -1.0276820076090327,
    "isLeftButtonPressed": true,
    "modelMatrixY": 0.5,
    "modelParams": {
      "ParamAngleX": 16.41031265258789,
      "ParamAngleY": -26.25920867919922,
      "ParamEyeBallX": 0.3299155533313751,
      "ParamEyeBallY": -1,
      "ParamBodyAngleX": 9402.494439464215
    }
  }
}