{
  "timestamp": "20260417_212618",
  "data": {
    "source": "LAppLive2DManager.onUpdate.isLeftButtonPressed_debug",
    "timestamp": 1776432378222,
    "dragX": -0.0023995601711403218,
    "dragY": -0.4091611406809763,
    "isLeftButtonPressed": true,
    "modelMatrixY": 0.5,
    "modelParams": {
      "ParamAngleX": 6.478955268859863,
      "ParamAngleY": -8.922591209411621,
      "ParamEyeBallX": -0.0023995600640773773,
      "ParamEyeBallY": -0.40916115045547485,
      "ParamBodyAngleX": -52.56021614675718
    }
  }
}