{
  "timestamp": "20260417_203131",
  "data": {
    "source": "LAppLive2DManager.onUpdate.isLeftButtonPressed_debug",
    "timestamp": 1776429071469,
    "dragX": -1.0243852542291298,
    "dragY": -0.01238168814521051,
    "isLeftButtonPressed": false,
    "modelMatrixY": 0.5,
    "modelParams": {
      "ParamAngleX": -30,
      "ParamAngleY": 1.5927786827087402,
      "ParamEyeBallX": -1,
      "ParamEyeBallY": -0.012381687760353088,
      "ParamBodyAngleX": 136.2634190575466
    }
  }
}