{
  "timestamp": "20260417_231353",
  "data": {
    "source": "LAppLive2DManager.onUpdate.isLeftButtonPressed_debug",
    "timestamp": 1776438832250,
    "dragX": 0.6259604870897331,
    "dragY": -1.661470250226296,
    "isLeftButtonPressed": true,
    "modelMatrixY": 0.5,
    "modelParams": {
      "ParamAngleX": 11.291136741638184,
      "ParamAngleY": -26.6900691986084,
      "ParamEyeBallX": 0.6259604692459106,
      "ParamEyeBallY": -1,
      "ParamBodyAngleX": 4112.148735091541
    }
  }
}