{
  "timestamp": "20260417_212455",
  "data": {
    "source": "LAppLive2DManager.onUpdate.isLeftButtonPressed_debug",
    "timestamp": 1776432291542,
    "dragX": 0.022481190023348724,
    "dragY": -0.2949125084341666,
    "isLeftButtonPressed": true,
    "modelMatrixY": 0.5,
    "modelParams": {
      "ParamAngleX": 6.499757766723633,
      "ParamAngleY": -11.355504989624023,
      "ParamEyeBallX": 0.022481190040707588,
      "ParamEyeBallY": -0.29491251707077026,
      "ParamBodyAngleX": 8177.394621934358
    }
  }
}