{
  "timestamp": "20260417_213214",
  "data": {
    "source": "LAppLive2DManager.onUpdate.isLeftButtonPressed_debug",
    "timestamp": 1776432727327,
    "dragX": 0.02097111891698346,
    "dragY": -0.4768595662410317,
    "isLeftButtonPressed": true,
    "modelMatrixY": 0.5,
    "modelParams": {
      "ParamAngleX": -2.7639830112457275,
      "ParamAngleY": -11.93570327758789,
      "ParamEyeBallX": 0.02097111940383911,
      "ParamEyeBallY": -0.47685956954956055,
      "ParamBodyAngleX": 600.9970658631929
    }
  }
}