{
  "timestamp": "20260417_212319",
  "data": {
    "source": "LAppLive2DManager.onUpdate.isLeftButtonPressed_debug",
    "timestamp": 1776432198459,
    "dragX": 0.45834227335805566,
    "dragY": -0.06602602945663313,
    "isLeftButtonPressed": false,
    "modelMatrixY": 0.5,
    "modelParams": {
      "ParamAngleX": 9.22285270690918,
      "ParamAngleY": 1.9789636135101318,
      "ParamEyeBallX": 0.4583422839641571,
      "ParamEyeBallY": -0.06602603197097778,
      "ParamBodyAngleX": 1147.7306234826674
    }
  }
}