{
  "timestamp": "20260418_000920",
  "data": {
    "source": "LAppLive2DManager.onUpdate.isLeftButtonPressed_debug",
    "timestamp": 1776441945566,
    "dragX": 0.30331686405916897,
    "dragY": -3.546974748506085,
    "isLeftButtonPressed": true,
    "modelMatrixY": 0.5,
    "modelParams": {
      "ParamAngleX": 8.370489120483398,
      "ParamAngleY": -30,
      "ParamEyeBallX": 0.3033168613910675,
      "ParamEyeBallY": -1,
      "ParamBodyAngleX": 1303.123344551415
    }
  }
}