{
  "timestamp": "20260417_213912",
  "data": {
    "source": "LAppLive2DManager.onUpdate.isLeftButtonPressed_debug",
    "timestamp": 1776433080725,
    "dragX": -0.003376049797388158,
    "dragY": -0.0008168885679782174,
    "isLeftButtonPressed": false,
    "modelMatrixY": 0.5,
    "modelParams": {
      "ParamAngleX": 1.1619020700454712,
      "ParamAngleY": -3.4017422199249268,
      "ParamEyeBallX": -0.0033760496880859137,
      "ParamEyeBallY": -0.0008168885833583772,
      "ParamBodyAngleX": 635.0077905838282
    }
  }
}