{
  "timestamp": "20260418_001056",
  "data": {
    "source": "LAppLive2DManager.onUpdate.isLeftButtonPressed_debug",
    "timestamp": 1776441956235,
    "dragX": 0.483414778832134,
    "dragY": -5.859537942810045,
    "isLeftButtonPressed": true,
    "modelMatrixY": 0.5,
    "modelParams": {
      "ParamAngleX": 20.50726318359375,
      "ParamAngleY": -30,
      "ParamEyeBallX": 0.48341476917266846,
      "ParamEyeBallY": -1,
      "ParamBodyAngleX": 3745.718255058646
    }
  }
}