{
  "timestamp": "20260418_001451",
  "data": {
    "source": "LAppLive2DManager.onUpdate.isLeftButtonPressed_debug",
    "timestamp": 1776442171745,
    "dragX": 0.00010514400384439068,
    "dragY": -0.0011722388192723018,
    "isLeftButtonPressed": false,
    "modelMatrixY": 0.5,
    "modelParams": {
      "ParamAngleX": 5.418381214141846,
      "ParamAngleY": -3.887887477874756,
      "ParamEyeBallX": 0.00010514400491956621,
      "ParamEyeBallY": -0.001172238844446838,
      "ParamBodyAngleX": 41520.80839269808
    }
  }
}