{
  "timestamp": "20260417_221711",
  "data": {
    "source": "LAppLive2DManager.onUpdate.isLeftButtonPressed_debug",
    "timestamp": 1776435410377,
    "dragX": -0.5859739408677355,
    "dragY": -0.014166799699291802,
    "isLeftButtonPressed": true,
    "modelMatrixY": 0.5,
    "modelParams": {
      "ParamAngleX": -24.137170791625977,
      "ParamAngleY": 3.562696695327759,
      "ParamEyeBallX": -0.5859739184379578,
      "ParamEyeBallY": -0.014166799373924732,
      "ParamBodyAngleX": -21.367295488875556
    }
  }
}