{
  "timestamp": "20260417_221712",
  "data": {
    "source": "LAppLive2DManager.onUpdate.isLeftButtonPressed_debug",
    "timestamp": 1776435410598,
    "dragX": -1.0279164381215757,
    "dragY": -0.05335874704112184,
    "isLeftButtonPressed": true,
    "modelMatrixY": 0.5,
    "modelParams": {
      "ParamAngleX": -30,
      "ParamAngleY": 2.1964824199676514,
      "ParamEyeBallX": -1,
      "ParamEyeBallY": -0.05335874855518341,
      "ParamBodyAngleX": -102.146391714261
    }
  }
}