{
  "timestamp": "20260417_211919",
  "data": {
    "source": "LAppLive2DManager.onUpdate.isLeftButtonPressed_debug",
    "timestamp": 1776431958534,
    "dragX": -0.14298840195658324,
    "dragY": -0.4677839757527705,
    "isLeftButtonPressed": true,
    "modelMatrixY": 0.5,
    "modelParams": {
      "ParamAngleX": -0.21542386710643768,
      "ParamAngleY": -17.63225555419922,
      "ParamEyeBallX": -0.1429883986711502,
      "ParamEyeBallY": -0.46778398752212524,
      "ParamBodyAngleX": -6274.884582634343
    }
  }
}