{
  "timestamp": "20260417_231530",
  "data": {
    "source": "LAppLive2DManager.onUpdate.isLeftButtonPressed_debug",
    "timestamp": 1776438927417,
    "dragX": 0.14733334174195226,
    "dragY": -0.005483169290512156,
    "isLeftButtonPressed": false,
    "modelMatrixY": 0.5,
    "modelParams": {
      "ParamAngleX": 11.150047302246094,
      "ParamAngleY": 3.8046858310699463,
      "ParamEyeBallX": 0.14733333885669708,
      "ParamEyeBallY": -0.005483169108629227,
      "ParamBodyAngleX": 23891.08092242344
    }
  }
}