{
  "timestamp": "20260417_225526",
  "data": {
    "source": "LAppLive2DManager.onUpdate.isLeftButtonPressed_debug",
    "timestamp": 1776437725043,
    "dragX": 0.017421485517443647,
    "dragY": -0.117579195861856,
    "isLeftButtonPressed": false,
    "modelMatrixY": 0.5,
    "modelParams": {
      "ParamAngleX": 7.915655612945557,
      "ParamAngleY": -0.45704925060272217,
      "ParamEyeBallX": 0.017421485856175423,
      "ParamEyeBallY": -0.11757919937372208,
      "ParamBodyAngleX": 448.09659816317105
    }
  }
}