{
  "timestamp": "20260417_211556",
  "data": {
    "source": "LAppLive2DManager.onUpdate.isLeftButtonPressed_debug",
    "timestamp": 1776431755872,
    "dragX": 0.011047770657327548,
    "dragY": -1.4364461572392722,
    "isLeftButtonPressed": true,
    "modelMatrixY": 0.5,
    "modelParams": {
      "ParamAngleX": 4.920411109924316,
      "ParamAngleY": -29.625459671020508,
      "ParamEyeBallX": 0.011047770269215107,
      "ParamEyeBallY": -1,
      "ParamBodyAngleX": -2033.4606407742767
    }
  }
}