{
  "timestamp": "20260418_001234",
  "data": {
    "source": "LAppLive2DManager.onUpdate.isLeftButtonPressed_debug",
    "timestamp": 1776442041232,
    "dragX": -0.0005195330160132731,
    "dragY": 0.001584907723030415,
    "isLeftButtonPressed": false,
    "modelMatrixY": 0.5,
    "modelParams": {
      "ParamAngleX": 6.19218635559082,
      "ParamAngleY": -2.9142231941223145,
      "ParamEyeBallX": -0.0005195330013521016,
      "ParamEyeBallY": 0.0015849077608436346,
      "ParamBodyAngleX": 17971.209736458397
    }
  }
}