{
  "timestamp": "20260418_003143",
  "data": {
    "source": "LAppLive2DManager.onUpdate.isLeftButtonPressed_debug",
    "timestamp": 1776443213851,
    "dragX": 0.395175114313813,
    "dragY": -5.65269497730772,
    "isLeftButtonPressed": true,
    "modelMatrixY": 0.5,
    "modelParams": {
      "ParamAngleX": 13.116660118103027,
      "ParamAngleY": -29.964447021484375,
      "ParamEyeBallX": 0.39517512917518616,
      "ParamEyeBallY": -1,
      "ParamBodyAngleX": 6657.381150446955
    }
  }
}