{
  "timestamp": "20260417_211644",
  "data": {
    "source": "LAppLive2DManager.onUpdate.isLeftButtonPressed_debug",
    "timestamp": 1776431793923,
    "dragX": 0.011047770657327548,
    "dragY": -1.4364461572392722,
    "isLeftButtonPressed": true,
    "modelMatrixY": 0.5,
    "modelParams": {
      "ParamAngleX": 7.665572643280029,
      "ParamAngleY": -26.000585556030273,
      "ParamEyeBallX": 0.011047770269215107,
      "ParamEyeBallY": -1,
      "ParamBodyAngleX": -2198.1218884923637
    }
  }
}