{
  "timestamp": "20260417_225954",
  "data": {
    "source": "LAppLive2DManager.onUpdate.isLeftButtonPressed_debug",
    "timestamp": 1776437986116,
    "dragX": 0.1768633079016876,
    "dragY": -1.8806259797934572,
    "isLeftButtonPressed": true,
    "modelMatrixY": 0.5,
    "modelParams": {
      "ParamAngleX": 1.7418862581253052,
      "ParamAngleY": -26.65066909790039,
      "ParamEyeBallX": 0.17686331272125244,
      "ParamEyeBallY": -1,
      "ParamBodyAngleX": 2574.5478136581287
    }
  }
}