{
  "timestamp": "20260417_213604",
  "data": {
    "source": "LAppLive2DManager.onUpdate.isLeftButtonPressed_debug",
    "timestamp": 1776432942323,
    "dragX": 0.17432198192627082,
    "dragY": 0.030025416394138773,
    "isLeftButtonPressed": true,
    "modelMatrixY": 0.5,
    "modelParams": {
      "ParamAngleX": -1.7146036624908447,
      "ParamAngleY": 4.860507011413574,
      "ParamEyeBallX": 0.1743219792842865,
      "ParamEyeBallY": 0.030025416985154152,
      "ParamBodyAngleX": 261.72562907839944
    }
  }
}