{
  "timestamp": "20260417_211455",
  "data": {
    "source": "LAppLive2DManager.onUpdate.isLeftButtonPressed_debug",
    "timestamp": 1776431695239,
    "dragX": -0.17466059664154096,
    "dragY": -0.2110858211247058,
    "isLeftButtonPressed": true,
    "modelMatrixY": 0.5,
    "modelParams": {
      "ParamAngleX": -0.2501215636730194,
      "ParamAngleY": -2.8226141929626465,
      "ParamEyeBallX": -0.1746605932712555,
      "ParamEyeBallY": -0.21108582615852356,
      "ParamBodyAngleX": -1917.2653812648657
    }
  }
}