{
  "timestamp": "20260417_233109",
  "data": {
    "source": "LAppLive2DManager.onUpdate.isLeftButtonPressed_debug",
    "timestamp": 1776439866583,
    "dragX": 0.34537407174431056,
    "dragY": -1.2110584658173462,
    "isLeftButtonPressed": true,
    "modelMatrixY": 0.5,
    "modelParams": {
      "ParamAngleX": 5.732419967651367,
      "ParamAngleY": -30,
      "ParamEyeBallX": 0.34537407755851746,
      "ParamEyeBallY": -1,
      "ParamBodyAngleX": 1992.8878089107109
    }
  }
}