{
  "timestamp": "20260417_202110",
  "data": {
    "source": "LAppLive2DManager.onUpdate.isLeftButtonPressed_debug",
    "timestamp": 1776428470222,
    "dragX": -0.06818422149075484,
    "dragY": -1.7643349474724686,
    "isLeftButtonPressed": true,
    "modelMatrixY": 0.5,
    "modelParams": {
      "ParamAngleX": 1.4197421073913574,
      "ParamAngleY": -30,
      "ParamEyeBallX": -0.06818421930074692,
      "ParamEyeBallY": -1,
      "ParamBodyAngleX": -1381.8143429301701
    }
  }
}