{
  "timestamp": "20260417_203243",
  "data": {
    "source": "LAppLive2DManager.onUpdate.isLeftButtonPressed_debug",
    "timestamp": 1776429163212,
    "dragX": -0.0365406279847399,
    "dragY": -0.8836153231089074,
    "isLeftButtonPressed": true,
    "modelMatrixY": 0.5,
    "modelParams": {
      "ParamAngleX": -6.554910659790039,
      "ParamAngleY": -27.637714385986328,
      "ParamEyeBallX": -0.03654062747955322,
      "ParamEyeBallY": -0.8836153149604797,
      "ParamBodyAngleX": -401.5395959875595
    }
  }
}