{
  "timestamp": "20260417_211015",
  "data": {
    "source": "LAppLive2DManager.onUpdate.isLeftButtonPressed_debug",
    "timestamp": 1776431411424,
    "dragX": -0.04628484112597126,
    "dragY": -0.37100410134620554,
    "isLeftButtonPressed": true,
    "modelMatrixY": 0.5,
    "modelParams": {
      "ParamAngleX": -8.224674224853516,
      "ParamAngleY": -10.352922439575195,
      "ParamEyeBallX": -0.046284839510917664,
      "ParamEyeBallY": -0.3710041046142578,
      "ParamBodyAngleX": -1354.625529720965
    }
  }
}