{
  "timestamp": "20260418_001201",
  "data": {
    "source": "LAppLive2DManager.onUpdate.isLeftButtonPressed_debug",
    "timestamp": 1776442010892,
    "dragX": 0.27613574617206277,
    "dragY": -2.658200631125222,
    "isLeftButtonPressed": true,
    "modelMatrixY": 0.5,
    "modelParams": {
      "ParamAngleX": 7.720300197601318,
      "ParamAngleY": -26.086023330688477,
      "ParamEyeBallX": 0.27613574266433716,
      "ParamEyeBallY": -1,
      "ParamBodyAngleX": 14343.907310320776
    }
  }
}