{
  "timestamp": "20260417_211755",
  "data": {
    "source": "LAppLive2DManager.onUpdate.isLeftButtonPressed_debug",
    "timestamp": 1776431865464,
    "dragX": -0.025739703365127944,
    "dragY": -1.1240592661789341,
    "isLeftButtonPressed": true,
    "modelMatrixY": 0.5,
    "modelParams": {
      "ParamAngleX": 5.704592704772949,
      "ParamAngleY": -29.756608963012695,
      "ParamEyeBallX": -0.025739703327417374,
      "ParamEyeBallY": -1,
      "ParamBodyAngleX": -2550.7772492008094
    }
  }
}