{
  "timestamp": "20260418_000819",
  "data": {
    "source": "LAppLive2DManager.onUpdate.isLeftButtonPressed_debug",
    "timestamp": 1776441940473,
    "dragX": 0.4131158047253016,
    "dragY": -3.856522454469124,
    "isLeftButtonPressed": true,
    "modelMatrixY": 0.5,
    "modelParams": {
      "ParamAngleX": 4.922088623046875,
      "ParamAngleY": -26.93195343017578,
      "ParamEyeBallX": 0.41311579942703247,
      "ParamEyeBallY": -1,
      "ParamBodyAngleX": 405.9182937739244
    }
  }
}