{
  "timestamp": "20260418_001432",
  "data": {
    "source": "LAppLive2DManager.onUpdate.isLeftButtonPressed_debug",
    "timestamp": 1776442152344,
    "dragX": 0.17594597291431213,
    "dragY": -1.2113661104928766,
    "isLeftButtonPressed": false,
    "modelMatrixY": 0.5,
    "modelParams": {
      "ParamAngleX": 11.544225692749023,
      "ParamAngleY": -26.200525283813477,
      "ParamEyeBallX": 0.1759459674358368,
      "ParamEyeBallY": -1,
      "ParamBodyAngleX": 38906.20069283996
    }
  }
}