{
  "timestamp": "20260418_002903",
  "data": {
    "source": "LAppLive2DManager.onUpdate.isLeftButtonPressed_debug",
    "timestamp": 1776443101274,
    "dragX": 0.316731564707553,
    "dragY": -3.869403494221411,
    "isLeftButtonPressed": true,
    "modelMatrixY": 0.5,
    "modelParams": {
      "ParamAngleX": 16.99930191040039,
      "ParamAngleY": -26.735645294189453,
      "ParamEyeBallX": 0.3167315721511841,
      "ParamEyeBallY": -1,
      "ParamBodyAngleX": 1027.071787554094
    }
  }
}