{
  "timestamp": "20260418_001459",
  "data": {
    "source": "LAppLive2DManager.onUpdate.isLeftButtonPressed_debug",
    "timestamp": 1776442178681,
    "dragX": 0.40367285074226633,
    "dragY": -4.308929841649469,
    "isLeftButtonPressed": true,
    "modelMatrixY": 0.5,
    "modelParams": {
      "ParamAngleX": 19.053768157958984,
      "ParamAngleY": -30,
      "ParamEyeBallX": 0.40367284417152405,
      "ParamEyeBallY": -1,
      "ParamBodyAngleX": 42799.181358044894
    }
  }
}