{
  "timestamp": "20260418_084451",
  "data": {
    "source": "LAppLive2DManager.onUpdate.isLeftButtonPressed_debug",
    "timestamp": 1776473086447,
    "dragX": 0.42529787983365597,
    "dragY": -3.4240972459295906,
    "isLeftButtonPressed": true,
    "modelMatrixY": 0.5,
    "modelParams": {
      "ParamAngleX": 5.552867412567139,
      "ParamAngleY": -29.23151969909668,
      "ParamEyeBallX": 0.42529788613319397,
      "ParamEyeBallY": -1,
      "ParamBodyAngleX": 504.52827669220096
    }
  }
}