{
  "timestamp": "20260418_003117",
  "data": {
    "source": "LAppLive2DManager.onUpdate.isLeftButtonPressed_debug",
    "timestamp": 1776443207883,
    "dragX": 0.44044836638020857,
    "dragY": -3.272069600418199,
    "isLeftButtonPressed": true,
    "modelMatrixY": 0.5,
    "modelParams": {
      "ParamAngleX": 10.47479248046875,
      "ParamAngleY": -26.303037643432617,
      "ParamEyeBallX": 0.4404483735561371,
      "ParamEyeBallY": -1,
      "ParamBodyAngleX": 6263.927210960641
    }
  }
}