{
  "timestamp": "20260417_201528",
  "data": {
    "source": "LAppLive2DManager.onUpdate.isLeftButtonPressed_debug",
    "timestamp": 1776428106808,
    "dragX": -0.23590189635172748,
    "dragY": -0.26913310633132437,
    "isLeftButtonPressed": true,
    "modelMatrixY": 0.5,
    "modelParams": {
      "ParamAngleX": -4.666865348815918,
      "ParamAngleY": -8.716492652893066,
      "ParamEyeBallX": -0.23590189218521118,
      "ParamEyeBallY": -0.2691331207752228,
      "ParamBodyAngleX": -528.0181293007211
    }
  }
}