{
  "timestamp": "20260418_000931",
  "data": {
    "source": "LAppLive2DManager.onUpdate.isLeftButtonPressed_debug",
    "timestamp": 1776441946577,
    "dragX": 0.6272267725803851,
    "dragY": -4.717084962441304,
    "isLeftButtonPressed": true,
    "modelMatrixY": 0.5,
    "modelParams": {
      "ParamAngleX": 12.243165969848633,
      "ParamAngleY": -27.90860366821289,
      "ParamEyeBallX": 0.6272267699241638,
      "ParamEyeBallY": -1,
      "ParamBodyAngleX": 1511.602683899073
    }
  }
}