{
  "timestamp": "20260417_203206",
  "data": {
    "source": "LAppLive2DManager.onUpdate.isLeftButtonPressed_debug",
    "timestamp": 1776429126213,
    "dragX": -0.0365406279847399,
    "dragY": -0.8836153231089074,
    "isLeftButtonPressed": true,
    "modelMatrixY": 0.5,
    "modelParams": {
      "ParamAngleX": -2.57563853263855,
      "ParamAngleY": -26.204769134521484,
      "ParamEyeBallX": -0.03654062747955322,
      "ParamEyeBallY": -0.8836153149604797,
      "ParamBodyAngleX": -58.841638551743216
    }
  }
}