{
  "timestamp": "20260418_003132",
  "data": {
    "source": "LAppLive2DManager.onUpdate.isLeftButtonPressed_debug",
    "timestamp": 1776443209612,
    "dragX": 0.4593173613575001,
    "dragY": -4.651980950258069,
    "isLeftButtonPressed": true,
    "modelMatrixY": 0.5,
    "modelParams": {
      "ParamAngleX": 7.051862716674805,
      "ParamAngleY": -30,
      "ParamEyeBallX": 0.4593173563480377,
      "ParamEyeBallY": -1,
      "ParamBodyAngleX": 6257.080763941378
    }
  }
}