{
  "timestamp": "20260418_001357",
  "data": {
    "source": "LAppLive2DManager.onUpdate.isLeftButtonPressed_debug",
    "timestamp": 1776442135196,
    "dragX": 0.21477276515195665,
    "dragY": -1.0426755059002673,
    "isLeftButtonPressed": true,
    "modelMatrixY": 0.5,
    "modelParams": {
      "ParamAngleX": 4.81384801864624,
      "ParamAngleY": -28.814590454101562,
      "ParamEyeBallX": 0.2147727608680725,
      "ParamEyeBallY": -1,
      "ParamBodyAngleX": 33471.408302876254
    }
  }
}