{
  "timestamp": "20260417_221921",
  "data": {
    "source": "LAppLive2DManager.onUpdate.isLeftButtonPressed_debug",
    "timestamp": 1776435547731,
    "dragX": 0.06813456676175333,
    "dragY": -0.5674300372257894,
    "isLeftButtonPressed": true,
    "modelMatrixY": 0.5,
    "modelParams": {
      "ParamAngleX": 1.176988124847412,
      "ParamAngleY": -14.823490142822266,
      "ParamEyeBallX": 0.06813456863164902,
      "ParamEyeBallY": -0.5674300193786621,
      "ParamBodyAngleX": 2304.9848018961843
    }
  }
}