{
  "timestamp": "20260417_234011",
  "data": {
    "source": "LAppLive2DManager.onUpdate.isLeftButtonPressed_debug",
    "timestamp": 1776440395911,
    "dragX": 0.031418284705095,
    "dragY": -1.1151380567637381,
    "isLeftButtonPressed": true,
    "modelMatrixY": 0.5,
    "modelParams": {
      "ParamAngleX": -1.7557837963104248,
      "ParamAngleY": -30,
      "ParamEyeBallX": 0.03141828626394272,
      "ParamEyeBallY": -1,
      "ParamBodyAngleX": 1594.0899760321365
    }
  }
}