{
  "timestamp": "20260417_215458",
  "data": {
    "source": "LAppLive2DManager.onUpdate.isLeftButtonPressed_debug",
    "timestamp": 1776433873010,
    "dragX": -0.16264797632662614,
    "dragY": -0.19806994095804767,
    "isLeftButtonPressed": false,
    "modelMatrixY": 0.5,
    "modelParams": {
      "ParamAngleX": 2.443976402282715,
      "ParamAngleY": -2.2728681564331055,
      "ParamEyeBallX": -0.16264797747135162,
      "ParamEyeBallY": -0.19806994497776031,
      "ParamBodyAngleX": 24408.857112176072
    }
  }
}