{
  "timestamp": "20260417_225629",
  "data": {
    "source": "LAppLive2DManager.onUpdate.isLeftButtonPressed_debug",
    "timestamp": 1776437789165,
    "dragX": -0.06887030027031665,
    "dragY": -0.8063813797995472,
    "isLeftButtonPressed": true,
    "modelMatrixY": 0.5,
    "modelParams": {
      "ParamAngleX": 1.9975175857543945,
      "ParamAngleY": -24.31763458251953,
      "ParamEyeBallX": -0.06887029856443405,
      "ParamEyeBallY": -0.8063814043998718,
      "ParamBodyAngleX": 1074.5551134198472
    }
  }
}