{
  "timestamp": "20260417_215457",
  "data": {
    "source": "LAppLive2DManager.onUpdate.isLeftButtonPressed_debug",
    "timestamp": 1776433872400,
    "dragX": 0.023762128795913228,
    "dragY": 0.6258587343769753,
    "isLeftButtonPressed": false,
    "modelMatrixY": 0.5,
    "modelParams": {
      "ParamAngleX": 5.921965599060059,
      "ParamAngleY": 21.903404235839844,
      "ParamEyeBallX": 0.023762129247188568,
      "ParamEyeBallY": 0.625858724117279,
      "ParamBodyAngleX": 24403.413512772982
    }
  }
}