{
  "timestamp": "20260417_225614",
  "data": {
    "source": "LAppLive2DManager.onUpdate.isLeftButtonPressed_debug",
    "timestamp": 1776437773886,
    "dragX": -0.06887030027031665,
    "dragY": -0.8063813797995472,
    "isLeftButtonPressed": true,
    "modelMatrixY": 0.5,
    "modelParams": {
      "ParamAngleX": -9.565092086791992,
      "ParamAngleY": -20.554794311523438,
      "ParamEyeBallX": -0.06887029856443405,
      "ParamEyeBallY": -0.8063814043998718,
      "ParamBodyAngleX": 1403.4669608188885
    }
  }
}