{
  "timestamp": "20260417_231320",
  "data": {
    "source": "LAppLive2DManager.onUpdate.isLeftButtonPressed_debug",
    "timestamp": 1776438798888,
    "dragX": 0.26447008270686057,
    "dragY": -0.41958821111339645,
    "isLeftButtonPressed": true,
    "modelMatrixY": 0.5,
    "modelParams": {
      "ParamAngleX": 1.7395130395889282,
      "ParamAngleY": -14.775164604187012,
      "ParamEyeBallX": 0.26447007060050964,
      "ParamEyeBallY": -0.41958820819854736,
      "ParamBodyAngleX": 696.3517622526683
    }
  }
}