{
  "timestamp": "20260417_213756",
  "data": {
    "source": "LAppLive2DManager.onUpdate.isLeftButtonPressed_debug",
    "timestamp": 1776433071734,
    "dragX": -0.003376049797388158,
    "dragY": -0.0008168885679782174,
    "isLeftButtonPressed": false,
    "modelMatrixY": 0.5,
    "modelParams": {
      "ParamAngleX": -6.192453384399414,
      "ParamAngleY": 3.8100099563598633,
      "ParamEyeBallX": -0.0033760496880859137,
      "ParamEyeBallY": -0.0008168885833583772,
      "ParamBodyAngleX": 408.58270842485837
    }
  }
}