{
  "timestamp": "20260418_001010",
  "data": {
    "source": "LAppLive2DManager.onUpdate.isLeftButtonPressed_debug",
    "timestamp": 1776441950375,
    "dragX": 0.5569287226903568,
    "dragY": -3.439398182777493,
    "isLeftButtonPressed": true,
    "modelMatrixY": 0.5,
    "modelParams": {
      "ParamAngleX": 24.207672119140625,
      "ParamAngleY": -26.598222732543945,
      "ParamEyeBallX": 0.5569286942481995,
      "ParamEyeBallY": -1,
      "ParamBodyAngleX": 1994.8959890413978
    }
  }
}