{
  "timestamp": "20260418_001136",
  "data": {
    "source": "LAppLive2DManager.onUpdate.isLeftButtonPressed_debug",
    "timestamp": 1776441989012,
    "dragX": 0.12972288743045854,
    "dragY": -4.069169868395921,
    "isLeftButtonPressed": true,
    "modelMatrixY": 0.5,
    "modelParams": {
      "ParamAngleX": 10.328109741210938,
      "ParamAngleY": -27.776887893676758,
      "ParamEyeBallX": 0.12972289323806763,
      "ParamEyeBallY": -1,
      "ParamBodyAngleX": 11554.862524103273
    }
  }
}