{
  "timestamp": "20260417_223059",
  "data": {
    "source": "LAppLive2DManager.onUpdate.isLeftButtonPressed_debug",
    "timestamp": 1776436254638,
    "dragX": -0.16112788718890506,
    "dragY": -0.7725687345910489,
    "isLeftButtonPressed": true,
    "modelMatrixY": 0.5,
    "modelParams": {
      "ParamAngleX": -7.479947566986084,
      "ParamAngleY": -19.296607971191406,
      "ParamEyeBallX": -0.16112788021564484,
      "ParamEyeBallY": -0.7725687623023987,
      "ParamBodyAngleX": -972.741357744262
    }
  }
}