{
  "timestamp": "20260417_203408",
  "data": {
    "source": "LAppLive2DManager.onUpdate.isLeftButtonPressed_debug",
    "timestamp": 1776429092540,
    "dragX": -0.9074105108748599,
    "dragY": 0.7489654379240743,
    "isLeftButtonPressed": false,
    "modelMatrixY": 0.5,
    "modelParams": {
      "ParamAngleX": -27.582754135131836,
      "ParamAngleY": 25.189531326293945,
      "ParamEyeBallX": -0.9074105024337769,
      "ParamEyeBallY": 0.7489654421806335,
      "ParamBodyAngleX": -41.87611381226048
    }
  }
}