{
  "timestamp": "20260417_233914",
  "data": {
    "source": "LAppLive2DManager.onUpdate.isLeftButtonPressed_debug",
    "timestamp": 1776440346860,
    "dragX": 0.031418284705095,
    "dragY": -1.1151380567637381,
    "isLeftButtonPressed": true,
    "modelMatrixY": 0.5,
    "modelParams": {
      "ParamAngleX": 3.361274480819702,
      "ParamAngleY": -29.052698135375977,
      "ParamEyeBallX": 0.03141828626394272,
      "ParamEyeBallY": -1,
      "ParamBodyAngleX": 979.6686686025666
    }
  }
}