{
  "timestamp": "20260418_003053",
  "data": {
    "source": "LAppLive2DManager.onUpdate.isLeftButtonPressed_debug",
    "timestamp": 1776443205194,
    "dragX": 0.499653194771645,
    "dragY": -3.592953800019996,
    "isLeftButtonPressed": true,
    "modelMatrixY": 0.5,
    "modelParams": {
      "ParamAngleX": 21.02666473388672,
      "ParamAngleY": -30,
      "ParamEyeBallX": 0.4996531903743744,
      "ParamEyeBallY": -1,
      "ParamBodyAngleX": 6303.733445643871
    }
  }
}