{
  "timestamp": "20260417_212223",
  "data": {
    "source": "LAppLive2DManager.onUpdate.isLeftButtonPressed_debug",
    "timestamp": 1776432115931,
    "dragX": 0.006574345010864007,
    "dragY": -0.4076368098027249,
    "isLeftButtonPressed": true,
    "modelMatrixY": 0.5,
    "modelParams": {
      "ParamAngleX": 7.64663028717041,
      "ParamAngleY": -14.031827926635742,
      "ParamEyeBallX": 0.0065743448212742805,
      "ParamEyeBallY": -0.407636821269989,
      "ParamBodyAngleX": -48.21466095846086
    }
  }
}