{
  "timestamp": "20260417_231527",
  "data": {
    "source": "LAppLive2DManager.onUpdate.isLeftButtonPressed_debug",
    "timestamp": 1776438924359,
    "dragX": 0.0022848186578874156,
    "dragY": -0.0011021618352192036,
    "isLeftButtonPressed": false,
    "modelMatrixY": 0.5,
    "modelParams": {
      "ParamAngleX": -5.837661266326904,
      "ParamAngleY": 2.1885693073272705,
      "ParamEyeBallX": 0.00228481856174767,
      "ParamEyeBallY": -0.0011021618265658617,
      "ParamBodyAngleX": 23691.69103204502
    }
  }
}