{
  "timestamp": "20260418_001313",
  "data": {
    "source": "LAppLive2DManager.onUpdate.isLeftButtonPressed_debug",
    "timestamp": 1776442078787,
    "dragX": 0.8613032577632249,
    "dragY": -2.3700433530766842,
    "isLeftButtonPressed": true,
    "modelMatrixY": 0.5,
    "modelParams": {
      "ParamAngleX": 21.539039611816406,
      "ParamAngleY": -29.83472442626953,
      "ParamEyeBallX": 0.8613032698631287,
      "ParamEyeBallY": -1,
      "ParamBodyAngleX": 26682.244956652186
    }
  }
}