{
  "timestamp": "20260417_212612",
  "data": {
    "source": "LAppLive2DManager.onUpdate.isLeftButtonPressed_debug",
    "timestamp": 1776432372243,
    "dragX": -0.21639432064901382,
    "dragY": -0.39161880117040915,
    "isLeftButtonPressed": true,
    "modelMatrixY": 0.5,
    "modelParams": {
      "ParamAngleX": -2.7124626636505127,
      "ParamAngleY": -10.91390323638916,
      "ParamEyeBallX": -0.2163943201303482,
      "ParamEyeBallY": -0.3916187882423401,
      "ParamBodyAngleX": -191.0361179899287
    }
  }
}