{
  "timestamp": "20260417_211209",
  "data": {
    "source": "LAppLive2DManager.onUpdate.isLeftButtonPressed_debug",
    "timestamp": 1776431524288,
    "dragX": -0.020627045866797446,
    "dragY": -0.3273921766054185,
    "isLeftButtonPressed": true,
    "modelMatrixY": 0.5,
    "modelParams": {
      "ParamAngleX": -2.8627583980560303,
      "ParamAngleY": -10.868912696838379,
      "ParamEyeBallX": -0.02062704600393772,
      "ParamEyeBallY": -0.32739219069480896,
      "ParamBodyAngleX": -2078.2432195739257
    }
  }
}