{
  "timestamp": "20260418_082434",
  "data": {
    "source": "LAppLive2DManager.onUpdate.isLeftButtonPressed_debug",
    "timestamp": 1776471873365,
    "dragX": 0.18323970262598016,
    "dragY": -0.9568247031518212,
    "isLeftButtonPressed": true,
    "modelMatrixY": 0.5,
    "modelParams": {
      "ParamAngleX": 9.667808532714844,
      "ParamAngleY": -30,
      "ParamEyeBallX": 0.18323969841003418,
      "ParamEyeBallY": -0.9568247199058533,
      "ParamBodyAngleX": 82.68751682094232
    }
  }
}