{
  "timestamp": "20260418_090341",
  "data": {
    "source": "LAppLive2DManager.onUpdate.isLeftButtonPressed_debug",
    "timestamp": 1776474197181,
    "dragX": 0.5818110200501897,
    "dragY": -4.765377813504978,
    "isLeftButtonPressed": true,
    "modelMatrixY": 0.5,
    "modelParams": {
      "ParamAngleX": 22.838275909423828,
      "ParamAngleY": -30,
      "ParamEyeBallX": 0.5818110108375549,
      "ParamEyeBallY": -1,
      "ParamBodyAngleX": 1051.5167056384066
    }
  }
}