{
  "timestamp": "20260417_165233",
  "data": {
    "source": "LAppLive2DManager.onUpdate",
    "timestamp": 1776415951314,
    "canvas": {
      "width": 554,
      "height": 1920
    },
    "canvasWidth": 1,
    "isPortrait": true,
    "isLongHorizontalModel": false,
    "modelMatrix": [
      1,
      0,
      0,
      0,
      0,
      1,
      0,
      0,
      0,
      0,
      1,
      0,
      7.101334631443024e-09,
      -5.21540641784668e-08,
      0,
      1
    ],
    "modelBottom": -1.0000000521540642,
    "modelTop": 0.9999999478459358
  }
}