{
  "timestamp": "20260417_201647",
  "data": {
    "source": "LAppLive2DManager.onUpdate.isLeftButtonPressed_debug",
    "timestamp": 1776428206638,
    "dragX": -0.02615991538825762,
    "dragY": -0.4623846202341333,
    "isLeftButtonPressed": true,
    "modelMatrixY": 0.5,
    "modelParams": {
      "ParamAngleX": -8.193571090698242,
      "ParamAngleY": -17.840497970581055,
      "ParamEyeBallX": -0.026159916073083878,
      "ParamEyeBallY": -0.4623846113681793,
      "ParamBodyAngleX": -6330.147863686931
    }
  }
}