{
  "timestamp": "20260417_213115",
  "data": {
    "source": "LAppLive2DManager.onUpdate.isLeftButtonPressed_debug",
    "timestamp": 1776432658985,
    "dragX": -0.0024349788889457364,
    "dragY": -0.9461869424937918,
    "isLeftButtonPressed": true,
    "modelMatrixY": 0.5,
    "modelParams": {
      "ParamAngleX": 4.962244033813477,
      "ParamAngleY": -26.788814544677734,
      "ParamEyeBallX": -0.002434978960081935,
      "ParamEyeBallY": -0.9461869597434998,
      "ParamBodyAngleX": 309.5683293718447
    }
  }
}