{
  "timestamp": "20260417_214900",
  "data": {
    "source": "LAppLive2DManager.onUpdate.isLeftButtonPressed_debug",
    "timestamp": 1776433740023,
    "dragX": 0.0399566444596906,
    "dragY": -0.5157299090572599,
    "isLeftButtonPressed": true,
    "modelMatrixY": 0.5,
    "modelParams": {
      "ParamAngleX": -2.976412057876587,
      "ParamAngleY": -16.068735122680664,
      "ParamEyeBallX": 0.03995664417743683,
      "ParamEyeBallY": -0.5157299041748047,
      "ParamBodyAngleX": 77.54414996889474
    }
  }
}