{
  "timestamp": "20260418_001320",
  "data": {
    "source": "LAppLive2DManager.onUpdate.isLeftButtonPressed_debug",
    "timestamp": 1776442085687,
    "dragX": 0.5805347855877346,
    "dragY": -1.523784253231511,
    "isLeftButtonPressed": false,
    "modelMatrixY": 0.5,
    "modelParams": {
      "ParamAngleX": 15.43154525756836,
      "ParamAngleY": -28.59930419921875,
      "ParamEyeBallX": 0.5805347561836243,
      "ParamEyeBallY": -1,
      "ParamBodyAngleX": 29433.240592679107
    }
  }
}