{
  "timestamp": "20260417_212405",
  "data": {
    "source": "LAppLive2DManager.onUpdate.isLeftButtonPressed_debug",
    "timestamp": 1776432244822,
    "dragX": 0.45834227335805566,
    "dragY": -0.06602602945663313,
    "isLeftButtonPressed": false,
    "modelMatrixY": 0.5,
    "modelParams": {
      "ParamAngleX": 13.393430709838867,
      "ParamAngleY": 0.5549452900886536,
      "ParamEyeBallX": 0.4583422839641571,
      "ParamEyeBallY": -0.06602603197097778,
      "ParamBodyAngleX": 7738.925697255048
    }
  }
}