{
  "timestamp": "20260417_223009",
  "data": {
    "source": "LAppLive2DManager.onUpdate.isLeftButtonPressed_debug",
    "timestamp": 1776436207980,
    "dragX": -0.15361941469551244,
    "dragY": -1.2408624750404955,
    "isLeftButtonPressed": true,
    "modelMatrixY": 0.5,
    "modelParams": {
      "ParamAngleX": 2.6458349227905273,
      "ParamAngleY": -27.382694244384766,
      "ParamEyeBallX": -0.1536194086074829,
      "ParamEyeBallY": -1,
      "ParamBodyAngleX": 401.6437983621341
    }
  }
}