{
  "timestamp": "20260417_221929",
  "data": {
    "source": "LAppLive2DManager.onUpdate.isLeftButtonPressed_debug",
    "timestamp": 1776435555542,
    "dragX": 0.06813456676175333,
    "dragY": -0.5674300372257894,
    "isLeftButtonPressed": true,
    "modelMatrixY": 0.5,
    "modelParams": {
      "ParamAngleX": 8.76690673828125,
      "ParamAngleY": -13.239283561706543,
      "ParamEyeBallX": 0.06813456863164902,
      "ParamEyeBallY": -0.5674300193786621,
      "ParamBodyAngleX": 2826.69657171798
    }
  }
}