{
  "timestamp": "20260417_232337",
  "data": {
    "source": "LAppLive2DManager.onUpdate.isLeftButtonPressed_debug",
    "timestamp": 1776439398811,
    "dragX": 0.32991556594736127,
    "dragY": -1.0276820076090327,
    "isLeftButtonPressed": true,
    "modelMatrixY": 0.5,
    "modelParams": {
      "ParamAngleX": 4.130495071411133,
      "ParamAngleY": -26.087865829467773,
      "ParamEyeBallX": 0.3299155533313751,
      "ParamEyeBallY": -1,
      "ParamBodyAngleX": 9181.400273302314
    }
  }
}