{
  "timestamp": "20260418_002955",
  "data": {
    "source": "LAppLive2DManager.onUpdate.isLeftButtonPressed_debug",
    "timestamp": 1776443107806,
    "dragX": 0.5340635204272557,
    "dragY": -2.248045455195618,
    "isLeftButtonPressed": true,
    "modelMatrixY": 0.5,
    "modelParams": {
      "ParamAngleX": 23.517127990722656,
      "ParamAngleY": -30,
      "ParamEyeBallX": 0.5340635180473328,
      "ParamEyeBallY": -1,
      "ParamBodyAngleX": 1733.6710084580925
    }
  }
}