{
  "timestamp": "20260418_001129",
  "data": {
    "source": "LAppLive2DManager.onUpdate.isLeftButtonPressed_debug",
    "timestamp": 1776441983010,
    "dragX": 0.7139176231669898,
    "dragY": -5.652138763289068,
    "isLeftButtonPressed": true,
    "modelMatrixY": 0.5,
    "modelParams": {
      "ParamAngleX": 28.914785385131836,
      "ParamAngleY": -27.561723709106445,
      "ParamEyeBallX": 0.71391761302948,
      "ParamEyeBallY": -1,
      "ParamBodyAngleX": 10943.68823379576
    }
  }
}