{
  "timestamp": "20260418_001249",
  "data": {
    "source": "LAppLive2DManager.onUpdate.isLeftButtonPressed_debug",
    "timestamp": 1776442055459,
    "dragX": 0.009174092476139864,
    "dragY": -0.03981599105033732,
    "isLeftButtonPressed": true,
    "modelMatrixY": 0.5,
    "modelParams": {
      "ParamAngleX": 6.7889628410339355,
      "ParamAngleY": -3.6901261806488037,
      "ParamEyeBallX": 0.009174092672765255,
      "ParamEyeBallY": -0.0398159921169281,
      "ParamBodyAngleX": 18972.431132136964
    }
  }
}