{
  "timestamp": "20260417_212626",
  "data": {
    "source": "LAppLive2DManager.onUpdate.isLeftButtonPressed_debug",
    "timestamp": 1776432386239,
    "dragX": 0.00598606100750174,
    "dragY": -0.20615254475756417,
    "isLeftButtonPressed": true,
    "modelMatrixY": 0.5,
    "modelParams": {
      "ParamAngleX": -5.218151569366455,
      "ParamAngleY": -8.780306816101074,
      "ParamEyeBallX": 0.005986060947179794,
      "ParamEyeBallY": -0.20615254342556,
      "ParamBodyAngleX": 172.46947637310126
    }
  }
}