{
  "timestamp": "20260418_090328",
  "data": {
    "source": "LAppLive2DManager.onUpdate.isLeftButtonPressed_debug",
    "timestamp": 1776474194358,
    "dragX": 0.7525608088073046,
    "dragY": -5.07415301752855,
    "isLeftButtonPressed": true,
    "modelMatrixY": 0.5,
    "modelParams": {
      "ParamAngleX": 19.83984375,
      "ParamAngleY": -30,
      "ParamEyeBallX": 0.7525607943534851,
      "ParamEyeBallY": -1,
      "ParamBodyAngleX": 677.8061604707688
    }
  }
}