{
  "timestamp": "20260417_223718",
  "data": {
    "source": "LAppLive2DManager.onUpdate.isLeftButtonPressed_debug",
    "timestamp": 1776436635116,
    "dragX": -0.047009592290461054,
    "dragY": -0.1873414383850197,
    "isLeftButtonPressed": true,
    "modelMatrixY": 0.5,
    "modelParams": {
      "ParamAngleX": 5.077377796173096,
      "ParamAngleY": -7.285210132598877,
      "ParamEyeBallX": -0.04700959101319313,
      "ParamEyeBallY": -0.18734143674373627,
      "ParamBodyAngleX": -10783.46585265166
    }
  }
}