{
  "timestamp": "20260417_221702",
  "data": {
    "source": "LAppLive2DManager.onUpdate.isLeftButtonPressed_debug",
    "timestamp": 1776435409416,
    "dragX": -0.008034469216913556,
    "dragY": -0.0016254526112908039,
    "isLeftButtonPressed": false,
    "modelMatrixY": 0.5,
    "modelParams": {
      "ParamAngleX": -1.3029603958129883,
      "ParamAngleY": -0.8921146988868713,
      "ParamEyeBallX": -0.008034469559788704,
      "ParamEyeBallY": -0.0016254526562988758,
      "ParamBodyAngleX": -91.97436196019002
    }
  }
}