{
  "timestamp": "20260417_203346",
  "data": {
    "source": "LAppLive2DManager.onUpdate.isLeftButtonPressed_debug",
    "timestamp": 1776429089599,
    "dragX": -0.009463437694164675,
    "dragY": -0.009123489122270144,
    "isLeftButtonPressed": false,
    "modelMatrixY": 0.5,
    "modelParams": {
      "ParamAngleX": -2.2457902431488037,
      "ParamAngleY": -1.4760804176330566,
      "ParamEyeBallX": -0.009463437832891941,
      "ParamEyeBallY": -0.009123489260673523,
      "ParamBodyAngleX": -189.36076341617118
    }
  }
}