{
  "timestamp": "20260417_234324",
  "data": {
    "source": "LAppLive2DManager.onUpdate.isLeftButtonPressed_debug",
    "timestamp": 1776440593655,
    "dragX": 0.5895037789550268,
    "dragY": -1.9999524115120593,
    "isLeftButtonPressed": true,
    "modelMatrixY": 0.5,
    "modelParams": {
      "ParamAngleX": 13.564075469970703,
      "ParamAngleY": -30,
      "ParamEyeBallX": 0.5895037651062012,
      "ParamEyeBallY": -1,
      "ParamBodyAngleX": 7605.905494434127
    }
  }
}