{
  "timestamp": "20260417_213606",
  "data": {
    "source": "LAppLive2DManager.onUpdate.isLeftButtonPressed_debug",
    "timestamp": 1776432942620,
    "dragX": 1.2687878538499802,
    "dragY": 0.21853746272678293,
    "isLeftButtonPressed": false,
    "modelMatrixY": 0.5,
    "modelParams": {
      "ParamAngleX": 22.539567947387695,
      "ParamAngleY": 9.695919036865234,
      "ParamEyeBallX": 1,
      "ParamEyeBallY": 0.21853746473789215,
      "ParamBodyAngleX": 373.8640779681935
    }
  }
}