{
  "timestamp": "20260418_001106",
  "data": {
    "source": "LAppLive2DManager.onUpdate.isLeftButtonPressed_debug",
    "timestamp": 1776441963808,
    "dragX": 0.3955096049434314,
    "dragY": -3.823117812087973,
    "isLeftButtonPressed": true,
    "modelMatrixY": 0.5,
    "modelParams": {
      "ParamAngleX": 18.887113571166992,
      "ParamAngleY": -30,
      "ParamEyeBallX": 0.39550960063934326,
      "ParamEyeBallY": -1,
      "ParamBodyAngleX": 5546.47602333577
    }
  }
}