{
  "timestamp": "20260418_001425",
  "data": {
    "source": "LAppLive2DManager.onUpdate.isLeftButtonPressed_debug",
    "timestamp": 1776442144797,
    "dragX": 0.8448927600270442,
    "dragY": -3.1260786472182795,
    "isLeftButtonPressed": true,
    "modelMatrixY": 0.5,
    "modelParams": {
      "ParamAngleX": 25.555891036987305,
      "ParamAngleY": -26.506362915039062,
      "ParamEyeBallX": 0.8448927402496338,
      "ParamEyeBallY": -1,
      "ParamBodyAngleX": 37900.511956244045
    }
  }
}