{
  "timestamp": "20260417_225249",
  "data": {
    "source": "LAppLive2DManager.onUpdate.isLeftButtonPressed_debug",
    "timestamp": 1776437567217,
    "dragX": 0.049255073175450734,
    "dragY": -0.5688091523753609,
    "isLeftButtonPressed": true,
    "modelMatrixY": 0.5,
    "modelParams": {
      "ParamAngleX": 6.797182083129883,
      "ParamAngleY": -19.929847717285156,
      "ParamEyeBallX": 0.04925507307052612,
      "ParamEyeBallY": -0.5688091516494751,
      "ParamBodyAngleX": -297.86259959419755
    }
  }
}