{
  "timestamp": "20260417_211800",
  "data": {
    "source": "LAppLive2DManager.onUpdate.isLeftButtonPressed_debug",
    "timestamp": 1776431871047,
    "dragX": -0.025739703365127944,
    "dragY": -1.1240592661789341,
    "isLeftButtonPressed": true,
    "modelMatrixY": 0.5,
    "modelParams": {
      "ParamAngleX": 0.2093619853258133,
      "ParamAngleY": -28.27385139465332,
      "ParamEyeBallX": -0.025739703327417374,
      "ParamEyeBallY": -1,
      "ParamBodyAngleX": -2857.6257948380435
    }
  }
}