{
  "timestamp": "20260417_195733",
  "data": {
    "source": "LAppLive2DManager.onUpdate.isLeftButtonPressed_debug",
    "timestamp": 1776427024393,
    "dragX": -1.0102851655613336,
    "dragY": -0.38337439091990316,
    "isLeftButtonPressed": true,
    "modelMatrixY": 0.5,
    "modelParams": {
      "ParamAngleX": -30,
      "ParamAngleY": -11.595439910888672,
      "ParamEyeBallX": -1,
      "ParamEyeBallY": -0.3833743929862976,
      "ParamBodyAngleX": -151.99951374108446
    }
  }
}