{
  "timestamp": "20260418_003158",
  "data": {
    "source": "LAppLive2DManager.onUpdate.isLeftButtonPressed_debug",
    "timestamp": 1776443225900,
    "dragX": 0.5684193016435761,
    "dragY": -4.039681674843694,
    "isLeftButtonPressed": true,
    "modelMatrixY": 0.5,
    "modelParams": {
      "ParamAngleX": 23.894628524780273,
      "ParamAngleY": -27.870849609375,
      "ParamEyeBallX": 0.5684192776679993,
      "ParamEyeBallY": -1,
      "ParamBodyAngleX": 7421.329120849782
    }
  }
}