{
  "timestamp": "20260418_001306",
  "data": {
    "source": "LAppLive2DManager.onUpdate.isLeftButtonPressed_debug",
    "timestamp": 1776442071867,
    "dragX": 1.1069230420465686,
    "dragY": -3.201676432028722,
    "isLeftButtonPressed": true,
    "modelMatrixY": 0.5,
    "modelParams": {
      "ParamAngleX": 23.76604461669922,
      "ParamAngleY": -30,
      "ParamEyeBallX": 1,
      "ParamEyeBallY": -1,
      "ParamBodyAngleX": 25054.586210656555
    }
  }
}