{
  "timestamp": "20260418_002756",
  "data": {
    "source": "LAppLive2DManager.onUpdate.isLeftButtonPressed_debug",
    "timestamp": 1776443093496,
    "dragX": 0.1949595670463336,
    "dragY": -4.612746858947041,
    "isLeftButtonPressed": true,
    "modelMatrixY": 0.5,
    "modelParams": {
      "ParamAngleX": 8.342464447021484,
      "ParamAngleY": -30,
      "ParamEyeBallX": 0.19495956599712372,
      "ParamEyeBallY": -1,
      "ParamBodyAngleX": 735.8937518782001
    }
  }
}