{
  "timestamp": "20260418_002904",
  "data": {
    "source": "LAppLive2DManager.onUpdate.isLeftButtonPressed_debug",
    "timestamp": 1776443101510,
    "dragX": 0.316731564707553,
    "dragY": -3.869403494221411,
    "isLeftButtonPressed": true,
    "modelMatrixY": 0.5,
    "modelParams": {
      "ParamAngleX": 16.861787796020508,
      "ParamAngleY": -26.087125778198242,
      "ParamEyeBallX": 0.3167315721511841,
      "ParamEyeBallY": -1,
      "ParamBodyAngleX": 1050.3142378214893
    }
  }
}