{
  "timestamp": "20260417_223010",
  "data": {
    "source": "LAppLive2DManager.onUpdate.isLeftButtonPressed_debug",
    "timestamp": 1776436208899,
    "dragX": 0.14637907396996075,
    "dragY": -1.0516240054294503,
    "isLeftButtonPressed": true,
    "modelMatrixY": 0.5,
    "modelParams": {
      "ParamAngleX": 7.51495885848999,
      "ParamAngleY": -30,
      "ParamEyeBallX": 0.14637906849384308,
      "ParamEyeBallY": -1,
      "ParamBodyAngleX": 394.39788614643294
    }
  }
}