{
  "timestamp": "20260419_184931",
  "data": {
    "source": "LAppLive2DManager.onUpdate.isLeftButtonPressed_debug",
    "timestamp": 1776595768182,
    "dragX": -0.017833501805795543,
    "dragY": 0.08097532881603348,
    "isLeftButtonPressed": true,
    "modelMatrixY": 0.5,
    "modelParams": {
      "ParamAngleX": -2.6582188606262207,
      "ParamAngleY": 6.428477764129639,
      "ParamEyeBallX": -0.01783350110054016,
      "ParamEyeBallY": 0.08097533136606216,
      "ParamBodyAngleX": -30.163040975562936
    }
  }
}