{
  "timestamp": "20260417_211438",
  "data": {
    "source": "LAppLive2DManager.onUpdate.isLeftButtonPressed_debug",
    "timestamp": 1776431678225,
    "dragX": 0.2669404996357948,
    "dragY": -1.0185889224459634,
    "isLeftButtonPressed": true,
    "modelMatrixY": 0.5,
    "modelParams": {
      "ParamAngleX": 7.458826541900635,
      "ParamAngleY": -30,
      "ParamEyeBallX": 0.26694050431251526,
      "ParamEyeBallY": -1,
      "ParamBodyAngleX": -2116.2740188853395
    }
  }
}