{
  "timestamp": "20260417_212624",
  "data": {
    "source": "LAppLive2DManager.onUpdate.isLeftButtonPressed_debug",
    "timestamp": 1776432384240,
    "dragX": 0.01640186789822596,
    "dragY": -1.142760717301967,
    "isLeftButtonPressed": true,
    "modelMatrixY": 0.5,
    "modelParams": {
      "ParamAngleX": -2.5526483058929443,
      "ParamAngleY": -28.826480865478516,
      "ParamEyeBallX": 0.01640186831355095,
      "ParamEyeBallY": -1,
      "ParamBodyAngleX": 64.33991890395569
    }
  }
}