{
  "timestamp": "20260417_223423",
  "data": {
    "source": "LAppLive2DManager.onUpdate.isLeftButtonPressed_debug",
    "timestamp": 1776436434797,
    "dragX": -0.06652758055615118,
    "dragY": -1.176550128989833,
    "isLeftButtonPressed": true,
    "modelMatrixY": 0.5,
    "modelParams": {
      "ParamAngleX": -2.5883595943450928,
      "ParamAngleY": -26.007465362548828,
      "ParamEyeBallX": -0.0665275827050209,
      "ParamEyeBallY": -1,
      "ParamBodyAngleX": -8068.364650918132
    }
  }
}