{
  "timestamp": "20260417_225932",
  "data": {
    "source": "LAppLive2DManager.onUpdate.isLeftButtonPressed_debug",
    "timestamp": 1776437964967,
    "dragX": 0.1768633079016876,
    "dragY": -1.8806259797934572,
    "isLeftButtonPressed": true,
    "modelMatrixY": 0.5,
    "modelParams": {
      "ParamAngleX": -1.5740128755569458,
      "ParamAngleY": -26.898008346557617,
      "ParamEyeBallX": 0.17686331272125244,
      "ParamEyeBallY": -1,
      "ParamBodyAngleX": 1321.105044031963
    }
  }
}