{
  "timestamp": "20260417_234044",
  "data": {
    "source": "LAppLive2DManager.onUpdate.isLeftButtonPressed_debug",
    "timestamp": 1776440425941,
    "dragX": 0.031418284705095,
    "dragY": -1.1151380567637381,
    "isLeftButtonPressed": true,
    "modelMatrixY": 0.5,
    "modelParams": {
      "ParamAngleX": 7.107512950897217,
      "ParamAngleY": -27.870849609375,
      "ParamEyeBallX": 0.03141828626394272,
      "ParamEyeBallY": -1,
      "ParamBodyAngleX": 1900.596729038763
    }
  }
}