{
  "timestamp": "20260417_212608",
  "data": {
    "source": "LAppLive2DManager.onUpdate.isLeftButtonPressed_debug",
    "timestamp": 1776432368093,
    "dragX": 0.04799113161054962,
    "dragY": -0.9591647079715168,
    "isLeftButtonPressed": true,
    "modelMatrixY": 0.5,
    "modelParams": {
      "ParamAngleX": -5.93463134765625,
      "ParamAngleY": -24.896217346191406,
      "ParamEyeBallX": 0.047991130501031876,
      "ParamEyeBallY": -0.9591646790504456,
      "ParamBodyAngleX": 38.35274612946696
    }
  }
}