{
  "timestamp": "20260417_232211",
  "data": {
    "source": "LAppLive2DManager.onUpdate.isLeftButtonPressed_debug",
    "timestamp": 1776439325877,
    "dragX": 0.3234179570654888,
    "dragY": -0.7585528915068466,
    "isLeftButtonPressed": true,
    "modelMatrixY": 0.5,
    "modelParams": {
      "ParamAngleX": 10.675153732299805,
      "ParamAngleY": -24.764022827148438,
      "ParamEyeBallX": 0.3234179615974426,
      "ParamEyeBallY": -0.7585529088973999,
      "ParamBodyAngleX": 581.2460626086099
    }
  }
}