{
  "timestamp": "20260418_001130",
  "data": {
    "source": "LAppLive2DManager.onUpdate.isLeftButtonPressed_debug",
    "timestamp": 1776441983097,
    "dragX": 0.5259489437644927,
    "dragY": -5.012519954928868,
    "isLeftButtonPressed": true,
    "modelMatrixY": 0.5,
    "modelParams": {
      "ParamAngleX": 23.26645278930664,
      "ParamAngleY": -28.079282760620117,
      "ParamEyeBallX": 0.5259489417076111,
      "ParamEyeBallY": -1,
      "ParamBodyAngleX": 10976.907199968316
    }
  }
}