{
  "timestamp": "20260417_225935",
  "data": {
    "source": "LAppLive2DManager.onUpdate.isLeftButtonPressed_debug",
    "timestamp": 1776437967710,
    "dragX": 0.1768633079016876,
    "dragY": -1.8806259797934572,
    "isLeftButtonPressed": true,
    "modelMatrixY": 0.5,
    "modelParams": {
      "ParamAngleX": 9.899153709411621,
      "ParamAngleY": -26.99325180053711,
      "ParamEyeBallX": 0.17686331272125244,
      "ParamEyeBallY": -1,
      "ParamBodyAngleX": 1386.064773457365
    }
  }
}