{
  "timestamp": "20260418_001013",
  "data": {
    "source": "LAppLive2DManager.onUpdate.isLeftButtonPressed_debug",
    "timestamp": 1776441950569,
    "dragX": 0.5678319125753183,
    "dragY": -3.4821460218312934,
    "isLeftButtonPressed": true,
    "modelMatrixY": 0.5,
    "modelParams": {
      "ParamAngleX": 24.393407821655273,
      "ParamAngleY": -26.085657119750977,
      "ParamEyeBallX": 0.5678319334983826,
      "ParamEyeBallY": -1,
      "ParamBodyAngleX": 2051.047650548522
    }
  }
}