{
  "timestamp": "20260417_231513",
  "data": {
    "source": "LAppLive2DManager.onUpdate.isLeftButtonPressed_debug",
    "timestamp": 1776438910732,
    "dragX": 0.6259604870897331,
    "dragY": -1.661470250226296,
    "isLeftButtonPressed": true,
    "modelMatrixY": 0.5,
    "modelParams": {
      "ParamAngleX": 11.33433723449707,
      "ParamAngleY": -30,
      "ParamEyeBallX": 0.6259604692459106,
      "ParamEyeBallY": -1,
      "ParamBodyAngleX": 21336.375469560156
    }
  }
}