{
  "timestamp": "20260418_000823",
  "data": {
    "source": "LAppLive2DManager.onUpdate.isLeftButtonPressed_debug",
    "timestamp": 1776441940878,
    "dragX": 0.4131158047253016,
    "dragY": -3.856522454469124,
    "isLeftButtonPressed": true,
    "modelMatrixY": 0.5,
    "modelParams": {
      "ParamAngleX": 5.226590156555176,
      "ParamAngleY": -29.364519119262695,
      "ParamEyeBallX": 0.41311579942703247,
      "ParamEyeBallY": -1,
      "ParamBodyAngleX": 530.3160944545605
    }
  }
}