{
  "timestamp": "20260418_084446",
  "data": {
    "source": "LAppLive2DManager.onUpdate.isLeftButtonPressed_debug",
    "timestamp": 1776473084721,
    "dragX": 0.2288636827070454,
    "dragY": -1.762087562101366,
    "isLeftButtonPressed": true,
    "modelMatrixY": 0.5,
    "modelParams": {
      "ParamAngleX": 5.434243202209473,
      "ParamAngleY": -30,
      "ParamEyeBallX": 0.2288636863231659,
      "ParamEyeBallY": -1,
      "ParamBodyAngleX": 134.32083983513033
    }
  }
}