{
  "timestamp": "20260417_215759",
  "data": {
    "source": "LAppLive2DManager.onUpdate.isLeftButtonPressed_debug",
    "timestamp": 1776434279239,
    "dragX": 0.13441354910442244,
    "dragY": -0.2962248681926245,
    "isLeftButtonPressed": true,
    "modelMatrixY": 0.5,
    "modelParams": {
      "ParamAngleX": 1.0984842777252197,
      "ParamAngleY": -5.513326644897461,
      "ParamEyeBallX": 0.13441355526447296,
      "ParamEyeBallY": -0.2962248623371124,
      "ParamBodyAngleX": 3767.0414626335705
    }
  }
}