{
  "timestamp": "20260417_223208",
  "data": {
    "source": "LAppLive2DManager.onUpdate.isLeftButtonPressed_debug",
    "timestamp": 1776436320855,
    "dragX": -0.16112788718890506,
    "dragY": -0.7725687345910489,
    "isLeftButtonPressed": true,
    "modelMatrixY": 0.5,
    "modelParams": {
      "ParamAngleX": -1.3781647682189941,
      "ParamAngleY": -22.581981658935547,
      "ParamEyeBallX": -0.16112788021564484,
      "ParamEyeBallY": -0.7725687623023987,
      "ParamBodyAngleX": -4839.524870007598
    }
  }
}