{
  "timestamp": "20260417_230241",
  "data": {
    "source": "LAppLive2DManager.onUpdate.isLeftButtonPressed_debug",
    "timestamp": 1776438160195,
    "dragX": -0.13879582805031002,
    "dragY": -1.561515237049038,
    "isLeftButtonPressed": true,
    "modelMatrixY": 0.5,
    "modelParams": {
      "ParamAngleX": -10.865025520324707,
      "ParamAngleY": -27.683218002319336,
      "ParamEyeBallX": -0.13879582285881042,
      "ParamEyeBallY": -1,
      "ParamBodyAngleX": -28.399437081758897
    }
  }
}