{
  "timestamp": "20260417_225522",
  "data": {
    "source": "LAppLive2DManager.onUpdate.isLeftButtonPressed_debug",
    "timestamp": 1776437721371,
    "dragX": 0.044020314149217345,
    "dragY": -0.7898706505878594,
    "isLeftButtonPressed": true,
    "modelMatrixY": 0.5,
    "modelParams": {
      "ParamAngleX": -6.018395900726318,
      "ParamAngleY": -20.137882232666016,
      "ParamEyeBallX": 0.044020313769578934,
      "ParamEyeBallY": -0.7898706793785095,
      "ParamBodyAngleX": 256.3275852038424
    }
  }
}