{
  "timestamp": "20260417_223606",
  "data": {
    "source": "LAppLive2DManager.onUpdate.isLeftButtonPressed_debug",
    "timestamp": 1776436565170,
    "dragX": -0.047009592290461054,
    "dragY": -0.1873414383850197,
    "isLeftButtonPressed": true,
    "modelMatrixY": 0.5,
    "modelParams": {
      "ParamAngleX": 0.2682850658893585,
      "ParamAngleY": -2.450937509536743,
      "ParamEyeBallX": -0.04700959101319313,
      "ParamEyeBallY": -0.18734143674373627,
      "ParamBodyAngleX": -9486.971945468134
    }
  }
}