{
  "timestamp": "20260418_002916",
  "data": {
    "source": "LAppLive2DManager.onUpdate.isLeftButtonPressed_debug",
    "timestamp": 1776443102924,
    "dragX": 0.400119812326631,
    "dragY": -3.7777158837591447,
    "isLeftButtonPressed": true,
    "modelMatrixY": 0.5,
    "modelParams": {
      "ParamAngleX": 12.142409324645996,
      "ParamAngleY": -30,
      "ParamEyeBallX": 0.400119811296463,
      "ParamEyeBallY": -1,
      "ParamBodyAngleX": 1105.9504719355477
    }
  }
}