{
  "timestamp": "20260417_233050",
  "data": {
    "source": "LAppLive2DManager.onUpdate.isLeftButtonPressed_debug",
    "timestamp": 1776439848168,
    "dragX": 0.09304267903761576,
    "dragY": -1.6240164234193273,
    "isLeftButtonPressed": true,
    "modelMatrixY": 0.5,
    "modelParams": {
      "ParamAngleX": -4.502198696136475,
      "ParamAngleY": -26.232824325561523,
      "ParamEyeBallX": 0.09304267913103104,
      "ParamEyeBallY": -1,
      "ParamBodyAngleX": 522.3778805809759
    }
  }
}