{
  "timestamp": "20260417_215038",
  "data": {
    "source": "LAppLive2DManager.onUpdate.isLeftButtonPressed_debug",
    "timestamp": 1776433838241,
    "dragX": 0.00022621410869023495,
    "dragY": -0.27218722639138515,
    "isLeftButtonPressed": true,
    "modelMatrixY": 0.5,
    "modelParams": {
      "ParamAngleX": -2.8506338596343994,
      "ParamAngleY": -4.48654842376709,
      "ParamEyeBallX": 0.00022621410607825965,
      "ParamEyeBallY": -0.2721872329711914,
      "ParamBodyAngleX": 450.7428410492101
    }
  }
}