{
  "timestamp": "20260417_214902",
  "data": {
    "source": "LAppLive2DManager.onUpdate.isLeftButtonPressed_debug",
    "timestamp": 1776433741896,
    "dragX": 0.015694343938150286,
    "dragY": -0.7436375938857259,
    "isLeftButtonPressed": true,
    "modelMatrixY": 0.5,
    "modelParams": {
      "ParamAngleX": 7.494553565979004,
      "ParamAngleY": -20.97022819519043,
      "ParamEyeBallX": 0.01569434441626072,
      "ParamEyeBallY": -0.7436376214027405,
      "ParamBodyAngleX": 2.949186525955094
    }
  }
}