{
  "timestamp": "20260417_223517",
  "data": {
    "source": "LAppLive2DManager.onUpdate.isLeftButtonPressed_debug",
    "timestamp": 1776436516565,
    "dragX": -0.08585761945174267,
    "dragY": -0.19063500538426256,
    "isLeftButtonPressed": true,
    "modelMatrixY": 0.5,
    "modelParams": {
      "ParamAngleX": -1.362333059310913,
      "ParamAngleY": -3.24709153175354,
      "ParamEyeBallX": -0.08585762232542038,
      "ParamEyeBallY": -0.19063501060009003,
      "ParamBodyAngleX": -8582.26186761121
    }
  }
}