{
  "timestamp": "20260417_212107",
  "data": {
    "source": "LAppLive2DManager.onUpdate.isLeftButtonPressed_debug",
    "timestamp": 1776432067176,
    "dragX": 0.006574345010864007,
    "dragY": -0.4076368098027249,
    "isLeftButtonPressed": true,
    "modelMatrixY": 0.5,
    "modelParams": {
      "ParamAngleX": -6.8465166091918945,
      "ParamAngleY": -9.335153579711914,
      "ParamEyeBallX": 0.0065743448212742805,
      "ParamEyeBallY": -0.407636821269989,
      "ParamBodyAngleX": -276.50635575359115
    }
  }
}