{
  "timestamp": "20260418_001135",
  "data": {
    "source": "LAppLive2DManager.onUpdate.isLeftButtonPressed_debug",
    "timestamp": 1776441988182,
    "dragX": 0.12622342416308593,
    "dragY": -4.018420078149335,
    "isLeftButtonPressed": true,
    "modelMatrixY": 0.5,
    "modelParams": {
      "ParamAngleX": 5.523208141326904,
      "ParamAngleY": -30,
      "ParamEyeBallX": 0.12622343003749847,
      "ParamEyeBallY": -1,
      "ParamBodyAngleX": 11451.143201982626
    }
  }
}