{
  "timestamp": "20260417_215025",
  "data": {
    "source": "LAppLive2DManager.onUpdate.isLeftButtonPressed_debug",
    "timestamp": 1776433825250,
    "dragX": 0.00022621410869023495,
    "dragY": -0.27218722639138515,
    "isLeftButtonPressed": true,
    "modelMatrixY": 0.5,
    "modelParams": {
      "ParamAngleX": -2.3641014099121094,
      "ParamAngleY": -11.199173927307129,
      "ParamEyeBallX": 0.00022621410607825965,
      "ParamEyeBallY": -0.2721872329711914,
      "ParamBodyAngleX": 587.0199787202679
    }
  }
}