{
  "timestamp": "20260418_000949",
  "data": {
    "source": "LAppLive2DManager.onUpdate.isLeftButtonPressed_debug",
    "timestamp": 1776441948424,
    "dragX": 0.3600051979203325,
    "dragY": -3.0177379653939287,
    "isLeftButtonPressed": true,
    "modelMatrixY": 0.5,
    "modelParams": {
      "ParamAngleX": 8.611324310302734,
      "ParamAngleY": -30,
      "ParamEyeBallX": 0.3600051999092102,
      "ParamEyeBallY": -1,
      "ParamBodyAngleX": 1752.3123481982386
    }
  }
}