{
  "timestamp": "20260417_221743",
  "data": {
    "source": "LAppLive2DManager.onUpdate.isLeftButtonPressed_debug",
    "timestamp": 1776435414395,
    "dragX": -0.7942751513583738,
    "dragY": -0.039811073182390855,
    "isLeftButtonPressed": true,
    "modelMatrixY": 0.5,
    "modelParams": {
      "ParamAngleX": -16.502899169921875,
      "ParamAngleY": 1.6413134336471558,
      "ParamEyeBallX": -0.794275164604187,
      "ParamEyeBallY": -0.03981107473373413,
      "ParamBodyAngleX": -336.10955456691266
    }
  }
}