{
  "timestamp": "20260417_213125",
  "data": {
    "source": "LAppLive2DManager.onUpdate.isLeftButtonPressed_debug",
    "timestamp": 1776432675793,
    "dragX": 0.02623757546497515,
    "dragY": -0.8134975332429434,
    "isLeftButtonPressed": true,
    "modelMatrixY": 0.5,
    "modelParams": {
      "ParamAngleX": -6.153042316436768,
      "ParamAngleY": -28.040090560913086,
      "ParamEyeBallX": 0.026237575337290764,
      "ParamEyeBallY": -0.8134975433349609,
      "ParamBodyAngleX": 546.0758926030571
    }
  }
}