{
  "timestamp": "20260417_231728",
  "data": {
    "source": "LAppLive2DManager.onUpdate.isLeftButtonPressed_debug",
    "timestamp": 1776439032391,
    "dragX": 0.2330276308244316,
    "dragY": -0.8777189631057706,
    "isLeftButtonPressed": true,
    "modelMatrixY": 0.5,
    "modelParams": {
      "ParamAngleX": 0.5898420810699463,
      "ParamAngleY": -24.645618438720703,
      "ParamEyeBallX": 0.2330276370048523,
      "ParamEyeBallY": -0.877718985080719,
      "ParamBodyAngleX": 7359.78557693457
    }
  }
}