{
  "timestamp": "20260417_222718",
  "data": {
    "source": "LAppLive2DManager.onUpdate.isLeftButtonPressed_debug",
    "timestamp": 1776436037081,
    "dragX": -0.0795884809066749,
    "dragY": -0.8226653131333793,
    "isLeftButtonPressed": true,
    "modelMatrixY": 0.5,
    "modelParams": {
      "ParamAngleX": -7.857460975646973,
      "ParamAngleY": -23.61395263671875,
      "ParamEyeBallX": -0.07958848029375076,
      "ParamEyeBallY": -0.8226653337478638,
      "ParamBodyAngleX": 40.459065934926
    }
  }
}