{
  "timestamp": "20260417_202147",
  "data": {
    "source": "LAppLive2DManager.onUpdate.isLeftButtonPressed_debug",
    "timestamp": 1776428507219,
    "dragX": 0.2351331273870615,
    "dragY": -1.728725080175404,
    "isLeftButtonPressed": true,
    "modelMatrixY": 0.5,
    "modelParams": {
      "ParamAngleX": -0.4285968840122223,
      "ParamAngleY": -28.404836654663086,
      "ParamEyeBallX": 0.2351331263780594,
      "ParamEyeBallY": -1,
      "ParamBodyAngleX": -177.35147032275216
    }
  }
}