{
  "timestamp": "20260417_223403",
  "data": {
    "source": "LAppLive2DManager.onUpdate.isLeftButtonPressed_debug",
    "timestamp": 1776436418278,
    "dragX": -0.06652758055615118,
    "dragY": -1.176550128989833,
    "isLeftButtonPressed": true,
    "modelMatrixY": 0.5,
    "modelParams": {
      "ParamAngleX": -2.712282657623291,
      "ParamAngleY": -30,
      "ParamEyeBallX": -0.0665275827050209,
      "ParamEyeBallY": -1,
      "ParamBodyAngleX": -7764.001911771061
    }
  }
}