{
  "timestamp": "20260417_200709",
  "data": {
    "source": "LAppLive2DManager.onUpdate.isLeftButtonPressed_debug",
    "timestamp": 1776427443445,
    "dragX": 0.18869985293772648,
    "dragY": -0.1809336117889136,
    "isLeftButtonPressed": true,
    "modelMatrixY": 0.5,
    "modelParams": {
      "ParamAngleX": 12.343421936035156,
      "ParamAngleY": -6.9462103843688965,
      "ParamEyeBallX": 0.1886998564004898,
      "ParamEyeBallY": -0.1809336096048355,
      "ParamBodyAngleX": 144.8195529287383
    }
  }
}