{
  "timestamp": "20260417_203412",
  "data": {
    "source": "LAppLive2DManager.onUpdate.isLeftButtonPressed_debug",
    "timestamp": 1776429092900,
    "dragX": -0.9367890423445983,
    "dragY": 0.375678317737351,
    "isLeftButtonPressed": false,
    "modelMatrixY": 0.5,
    "modelParams": {
      "ParamAngleX": -25.907943725585938,
      "ParamAngleY": 11.708553314208984,
      "ParamEyeBallX": -0.9367890357971191,
      "ParamEyeBallY": 0.37567833065986633,
      "ParamBodyAngleX": -251.10173121724853
    }
  }
}