{
  "timestamp": "20260417_202030",
  "data": {
    "source": "LAppLive2DManager.onUpdate.isLeftButtonPressed_debug",
    "timestamp": 1776428430108,
    "dragX": 0.07804421913265777,
    "dragY": -0.39058633424515526,
    "isLeftButtonPressed": true,
    "modelMatrixY": 0.5,
    "modelParams": {
      "ParamAngleX": -0.5427432656288147,
      "ParamAngleY": -14.372331619262695,
      "ParamEyeBallX": 0.07804422080516815,
      "ParamEyeBallY": -0.39058634638786316,
      "ParamBodyAngleX": -479.11342396189093
    }
  }
}