{
  "timestamp": "20260417_225553",
  "data": {
    "source": "LAppLive2DManager.onUpdate.isLeftButtonPressed_debug",
    "timestamp": 1776437753018,
    "dragX": 0.0021518128113444286,
    "dragY": -0.0006055672843779548,
    "isLeftButtonPressed": false,
    "modelMatrixY": 0.5,
    "modelParams": {
      "ParamAngleX": -2.6707475185394287,
      "ParamAngleY": 3.9195802211761475,
      "ParamEyeBallX": 0.002151812892407179,
      "ParamEyeBallY": -0.0006055673002265394,
      "ParamBodyAngleX": 858.340173872109
    }
  }
}