{
  "timestamp": "20260417_203139",
  "data": {
    "source": "LAppLive2DManager.onUpdate.isLeftButtonPressed_debug",
    "timestamp": 1776429073742,
    "dragX": 0.546199035742351,
    "dragY": 0.20286343715959315,
    "isLeftButtonPressed": false,
    "modelMatrixY": 0.5,
    "modelParams": {
      "ParamAngleX": 21.362194061279297,
      "ParamAngleY": 7.610681533813477,
      "ParamEyeBallX": 0.5461990237236023,
      "ParamEyeBallY": 0.2028634399175644,
      "ParamBodyAngleX": 452.97429897955834
    }
  }
}