{
  "timestamp": "20260418_002719",
  "data": {
    "source": "LAppLive2DManager.onUpdate.isLeftButtonPressed_debug",
    "timestamp": 1776443089062,
    "dragX": 0.16132109597962194,
    "dragY": -0.8270129866561502,
    "isLeftButtonPressed": true,
    "modelMatrixY": 0.5,
    "modelParams": {
      "ParamAngleX": 10.114493370056152,
      "ParamAngleY": -28.57276153564453,
      "ParamEyeBallX": 0.16132108867168427,
      "ParamEyeBallY": -0.8270130157470703,
      "ParamBodyAngleX": 72.46810160783525
    }
  }
}