{
  "timestamp": "20260417_211437",
  "data": {
    "source": "LAppLive2DManager.onUpdate.isLeftButtonPressed_debug",
    "timestamp": 1776431677217,
    "dragX": -0.053979024676122186,
    "dragY": -1.1039061632789817,
    "isLeftButtonPressed": true,
    "modelMatrixY": 0.5,
    "modelParams": {
      "ParamAngleX": 4.245489120483398,
      "ParamAngleY": -26.033748626708984,
      "ParamEyeBallX": -0.05397902429103851,
      "ParamEyeBallY": -1,
      "ParamBodyAngleX": -2162.996478474
    }
  }
}