{
  "timestamp": "20260417_233234",
  "data": {
    "source": "LAppLive2DManager.onUpdate.isLeftButtonPressed_debug",
    "timestamp": 1776439947876,
    "dragX": 0.2393830791928838,
    "dragY": -1.3706643348563943,
    "isLeftButtonPressed": true,
    "modelMatrixY": 0.5,
    "modelParams": {
      "ParamAngleX": 9.332356452941895,
      "ParamAngleY": -30,
      "ParamEyeBallX": 0.23938308656215668,
      "ParamEyeBallY": -1,
      "ParamBodyAngleX": 8983.30086521529
    }
  }
}