{
  "timestamp": "20260417_202218",
  "data": {
    "source": "LAppLive2DManager.onUpdate.isLeftButtonPressed_debug",
    "timestamp": 1776428337959,
    "dragX": 0.5247685260856751,
    "dragY": -0.2752966400928739,
    "isLeftButtonPressed": true,
    "modelMatrixY": 0.5,
    "modelParams": {
      "ParamAngleX": 22.60198402404785,
      "ParamAngleY": -8.312227249145508,
      "ParamEyeBallX": 0.5247685313224792,
      "ParamEyeBallY": -0.2752966284751892,
      "ParamBodyAngleX": -311.5282511191155
    }
  }
}