{
  "timestamp": "20260417_221748",
  "data": {
    "source": "LAppLive2DManager.onUpdate.isLeftButtonPressed_debug",
    "timestamp": 1776435460451,
    "dragX": 0.06813456676175333,
    "dragY": -0.5674300372257894,
    "isLeftButtonPressed": true,
    "modelMatrixY": 0.5,
    "modelParams": {
      "ParamAngleX": -3.2665889263153076,
      "ParamAngleY": -14.667160987854004,
      "ParamEyeBallX": 0.06813456863164902,
      "ParamEyeBallY": -0.5674300193786621,
      "ParamBodyAngleX": 510.985582991051
    }
  }
}