{
  "timestamp": "20260418_000814",
  "data": {
    "source": "LAppLive2DManager.onUpdate.isLeftButtonPressed_debug",
    "timestamp": 1776441940030,
    "dragX": 0.38098083637118174,
    "dragY": -3.552873182207505,
    "isLeftButtonPressed": true,
    "modelMatrixY": 0.5,
    "modelParams": {
      "ParamAngleX": 4.921053886413574,
      "ParamAngleY": -26.021333694458008,
      "ParamEyeBallX": 0.38098084926605225,
      "ParamEyeBallY": -1,
      "ParamBodyAngleX": 267.3231625483865
    }
  }
}