{
  "timestamp": "20260417_214856",
  "data": {
    "source": "LAppLive2DManager.onUpdate.isLeftButtonPressed_debug",
    "timestamp": 1776433736202,
    "dragX": -0.014775538882393278,
    "dragY": -0.98566901520109,
    "isLeftButtonPressed": true,
    "modelMatrixY": 0.5,
    "modelParams": {
      "ParamAngleX": 6.281999588012695,
      "ParamAngleY": -28.236196517944336,
      "ParamEyeBallX": -0.014775538817048073,
      "ParamEyeBallY": -0.9856690168380737,
      "ParamBodyAngleX": 241.0873886179806
    }
  }
}