{
  "timestamp": "20260418_001116",
  "data": {
    "source": "LAppLive2DManager.onUpdate.isLeftButtonPressed_debug",
    "timestamp": 1776441970265,
    "dragX": 0.4622129463108666,
    "dragY": -3.2219381594514855,
    "isLeftButtonPressed": true,
    "modelMatrixY": 0.5,
    "modelParams": {
      "ParamAngleX": 21.06693458557129,
      "ParamAngleY": -30,
      "ParamEyeBallX": 0.4622129499912262,
      "ParamEyeBallY": -1,
      "ParamBodyAngleX": 7127.08661599642
    }
  }
}