{
  "timestamp": "20260418_001250",
  "data": {
    "source": "LAppLive2DManager.onUpdate.isLeftButtonPressed_debug",
    "timestamp": 1776442056508,
    "dragX": 0.9947000408005161,
    "dragY": -2.995571434708251,
    "isLeftButtonPressed": true,
    "modelMatrixY": 0.5,
    "modelParams": {
      "ParamAngleX": 30,
      "ParamAngleY": -26.27972984313965,
      "ParamEyeBallX": 0.994700014591217,
      "ParamEyeBallY": -1,
      "ParamBodyAngleX": 19271.321126084236
    }
  }
}