{
  "timestamp": "20260417_233111",
  "data": {
    "source": "LAppLive2DManager.onUpdate.isLeftButtonPressed_debug",
    "timestamp": 1776439868538,
    "dragX": 0.2393830791928838,
    "dragY": -1.3706643348563943,
    "isLeftButtonPressed": true,
    "modelMatrixY": 0.5,
    "modelParams": {
      "ParamAngleX": 2.9377429485321045,
      "ParamAngleY": -28.3674259185791,
      "ParamEyeBallX": 0.23938308656215668,
      "ParamEyeBallY": -1,
      "ParamBodyAngleX": 2179.0972472890003
    }
  }
}