{
  "timestamp": "20260417_212550",
  "data": {
    "source": "LAppLive2DManager.onUpdate.isLeftButtonPressed_debug",
    "timestamp": 1776432339846,
    "dragX": 0.022481190023348724,
    "dragY": -0.2949125084341666,
    "isLeftButtonPressed": true,
    "modelMatrixY": 0.5,
    "modelParams": {
      "ParamAngleX": -0.8597337603569031,
      "ParamAngleY": -4.887630462646484,
      "ParamEyeBallX": 0.022481190040707588,
      "ParamEyeBallY": -0.29491251707077026,
      "ParamBodyAngleX": 8424.401377857423
    }
  }
}