{
  "timestamp": "20260418_001444",
  "data": {
    "source": "LAppLive2DManager.onUpdate.isLeftButtonPressed_debug",
    "timestamp": 1776442164616,
    "dragX": 0.00021233546440476954,
    "dragY": -0.0016051376550740848,
    "isLeftButtonPressed": false,
    "modelMatrixY": 0.5,
    "modelParams": {
      "ParamAngleX": 1.6269046068191528,
      "ParamAngleY": -4.012537002563477,
      "ParamEyeBallX": 0.00021233546431176364,
      "ParamEyeBallY": -0.0016051376005634665,
      "ParamBodyAngleX": 40813.30796008852
    }
  }
}