{
  "timestamp": "20260418_084453",
  "data": {
    "source": "LAppLive2DManager.onUpdate.isLeftButtonPressed_debug",
    "timestamp": 1776473087014,
    "dragX": 0.42529787983365597,
    "dragY": -3.4240972459295906,
    "isLeftButtonPressed": true,
    "modelMatrixY": 0.5,
    "modelParams": {
      "ParamAngleX": 7.6439995765686035,
      "ParamAngleY": -30,
      "ParamEyeBallX": 0.42529788613319397,
      "ParamEyeBallY": -1,
      "ParamBodyAngleX": 685.7166945284148
    }
  }
}