{
  "timestamp": "20260417_201101",
  "data": {
    "source": "LAppLive2DManager.onUpdate.isLeftButtonPressed_debug",
    "timestamp": 1776427849702,
    "dragX": -0.4865965594298476,
    "dragY": -0.17840691160691202,
    "isLeftButtonPressed": true,
    "modelMatrixY": 0.5,
    "modelParams": {
      "ParamAngleX": -12.915809631347656,
      "ParamAngleY": -8.46873664855957,
      "ParamEyeBallX": -0.48659655451774597,
      "ParamEyeBallY": -0.17840690910816193,
      "ParamBodyAngleX": 78.21374985288367
    }
  }
}