{
  "timestamp": "20260418_002720",
  "data": {
    "source": "LAppLive2DManager.onUpdate.isLeftButtonPressed_debug",
    "timestamp": 1776443089213,
    "dragX": 0.28654617272516464,
    "dragY": -1.481813051254893,
    "isLeftButtonPressed": true,
    "modelMatrixY": 0.5,
    "modelParams": {
      "ParamAngleX": 13.009440422058105,
      "ParamAngleY": -30,
      "ParamEyeBallX": 0.28654617071151733,
      "ParamEyeBallY": -1,
      "ParamBodyAngleX": 92.86758079203643
    }
  }
}