{
  "timestamp": "20260417_211728",
  "data": {
    "source": "LAppLive2DManager.onUpdate.isLeftButtonPressed_debug",
    "timestamp": 1776431836183,
    "dragX": 0.060909033354950334,
    "dragY": -0.9156586813868627,
    "isLeftButtonPressed": true,
    "modelMatrixY": 0.5,
    "modelParams": {
      "ParamAngleX": -5.0597991943359375,
      "ParamAngleY": -23.617998123168945,
      "ParamEyeBallX": 0.06090903282165527,
      "ParamEyeBallY": -0.9156586527824402,
      "ParamBodyAngleX": -2134.5687969788196
    }
  }
}