{
  "timestamp": "20260418_090318",
  "data": {
    "source": "LAppLive2DManager.onUpdate.isLeftButtonPressed_debug",
    "timestamp": 1776474192432,
    "dragX": 0.12849579558921437,
    "dragY": -5.120753748773591,
    "isLeftButtonPressed": true,
    "modelMatrixY": 0.5,
    "modelParams": {
      "ParamAngleX": -2.090013265609741,
      "ParamAngleY": -26.247997283935547,
      "ParamEyeBallX": 0.12849579751491547,
      "ParamEyeBallY": -1,
      "ParamBodyAngleX": 344.2141010991389
    }
  }
}