{
  "timestamp": "20260418_002806",
  "data": {
    "source": "LAppLive2DManager.onUpdate.isLeftButtonPressed_debug",
    "timestamp": 1776443094741,
    "dragX": 0.434055281169849,
    "dragY": -3.047078737110242,
    "isLeftButtonPressed": true,
    "modelMatrixY": 0.5,
    "modelParams": {
      "ParamAngleX": 20.518081665039062,
      "ParamAngleY": -26.210651397705078,
      "ParamEyeBallX": 0.43405526876449585,
      "ParamEyeBallY": -1,
      "ParamBodyAngleX": 788.3817575784545
    }
  }
}