{
  "timestamp": "20260418_000808",
  "data": {
    "source": "LAppLive2DManager.onUpdate.isLeftButtonPressed_debug",
    "timestamp": 1776441939475,
    "dragX": 0.015029574643212251,
    "dragY": -0.1199509705789581,
    "isLeftButtonPressed": true,
    "modelMatrixY": 0.5,
    "modelParams": {
      "ParamAngleX": -3.3004138469696045,
      "ParamAngleY": -1.7043739557266235,
      "ParamEyeBallX": 0.015029574744403362,
      "ParamEyeBallY": -0.11995097249746323,
      "ParamBodyAngleX": 162.44875869012165
    }
  }
}