{
  "timestamp": "20260418_002929",
  "data": {
    "source": "LAppLive2DManager.onUpdate.isLeftButtonPressed_debug",
    "timestamp": 1776443104547,
    "dragX": 0.3066323790823484,
    "dragY": -3.3988314216334685,
    "isLeftButtonPressed": true,
    "modelMatrixY": 0.5,
    "modelParams": {
      "ParamAngleX": 1.7024941444396973,
      "ParamAngleY": -28.181425094604492,
      "ParamEyeBallX": 0.3066323697566986,
      "ParamEyeBallY": -1,
      "ParamBodyAngleX": 1294.2572655458016
    }
  }
}