{
  "timestamp": "20260417_221718",
  "data": {
    "source": "LAppLive2DManager.onUpdate.isLeftButtonPressed_debug",
    "timestamp": 1776435435697,
    "dragX": 0.11876476618863835,
    "dragY": -1.263639587916923,
    "isLeftButtonPressed": true,
    "modelMatrixY": 0.5,
    "modelParams": {
      "ParamAngleX": -2.8586249351501465,
      "ParamAngleY": -27.550464630126953,
      "ParamEyeBallX": 0.11876476556062698,
      "ParamEyeBallY": -1,
      "ParamBodyAngleX": 245.2557129166783
    }
  }
}