{
  "timestamp": "20260417_212407",
  "data": {
    "source": "LAppLive2DManager.onUpdate.isLeftButtonPressed_debug",
    "timestamp": 1776432246736,
    "dragX": -0.03336353170742774,
    "dragY": -0.5677882180124187,
    "isLeftButtonPressed": true,
    "modelMatrixY": 0.5,
    "modelParams": {
      "ParamAngleX": 6.319777011871338,
      "ParamAngleY": -18.705076217651367,
      "ParamEyeBallX": -0.03336353227496147,
      "ParamEyeBallY": -0.5677882432937622,
      "ParamBodyAngleX": 7827.837311903801
    }
  }
}