{
  "timestamp": "20260417_231454",
  "data": {
    "source": "LAppLive2DManager.onUpdate.isLeftButtonPressed_debug",
    "timestamp": 1776438892019,
    "dragX": 0.6259604870897331,
    "dragY": -1.661470250226296,
    "isLeftButtonPressed": true,
    "modelMatrixY": 0.5,
    "modelParams": {
      "ParamAngleX": 14.6007080078125,
      "ParamAngleY": -26.00225067138672,
      "ParamEyeBallX": 0.6259604692459106,
      "ParamEyeBallY": -1,
      "ParamBodyAngleX": 17055.088889576266
    }
  }
}