{
  "timestamp": "20260417_221840",
  "data": {
    "source": "LAppLive2DManager.onUpdate.isLeftButtonPressed_debug",
    "timestamp": 1776435420777,
    "dragX": -0.007525185809920884,
    "dragY": -0.00037308233092306266,
    "isLeftButtonPressed": false,
    "modelMatrixY": 0.5,
    "modelParams": {
      "ParamAngleX": 7.256588459014893,
      "ParamAngleY": 3.6074798107147217,
      "ParamEyeBallX": -0.007525185588747263,
      "ParamEyeBallY": -0.00037308232276700437,
      "ParamBodyAngleX": -951.5798899998282
    }
  }
}