{
  "timestamp": "20260417_215128",
  "data": {
    "source": "LAppLive2DManager.onUpdate.isLeftButtonPressed_debug",
    "timestamp": 1776433888103,
    "dragX": 0.00022621410869023495,
    "dragY": -0.27218722639138515,
    "isLeftButtonPressed": true,
    "modelMatrixY": 0.5,
    "modelParams": {
      "ParamAngleX": -3.136456251144409,
      "ParamAngleY": -6.288707256317139,
      "ParamEyeBallX": 0.00022621410607825965,
      "ParamEyeBallY": -0.2721872329711914,
      "ParamBodyAngleX": 640.3359600774538
    }
  }
}