{
  "timestamp": "20260418_001303",
  "data": {
    "source": "LAppLive2DManager.onUpdate.isLeftButtonPressed_debug",
    "timestamp": 1776442068332,
    "dragX": 0.7064556472206633,
    "dragY": -2.0465133815449126,
    "isLeftButtonPressed": true,
    "modelMatrixY": 0.5,
    "modelParams": {
      "ParamAngleX": 28.286235809326172,
      "ParamAngleY": -30,
      "ParamEyeBallX": 0.706455647945404,
      "ParamEyeBallY": -1,
      "ParamBodyAngleX": 24042.923191118778
    }
  }
}