{
  "timestamp": "20260417_210840",
  "data": {
    "source": "LAppLive2DManager.onUpdate.isLeftButtonPressed_debug",
    "timestamp": 1776431320102,
    "dragX": -0.13040845117339708,
    "dragY": -1.2055242551230276,
    "isLeftButtonPressed": true,
    "modelMatrixY": 0.5,
    "modelParams": {
      "ParamAngleX": -11.149927139282227,
      "ParamAngleY": -26.237024307250977,
      "ParamEyeBallX": -0.13040845096111298,
      "ParamEyeBallY": -1,
      "ParamBodyAngleX": -1178.5434991144184
    }
  }
}