{
  "timestamp": "20260418_000922",
  "data": {
    "source": "LAppLive2DManager.onUpdate.isLeftButtonPressed_debug",
    "timestamp": 1776441945723,
    "dragX": 0.5731820755169029,
    "dragY": -4.5272638749167005,
    "isLeftButtonPressed": true,
    "modelMatrixY": 0.5,
    "modelParams": {
      "ParamAngleX": 15.352160453796387,
      "ParamAngleY": -30,
      "ParamEyeBallX": 0.5731820464134216,
      "ParamEyeBallY": -1,
      "ParamBodyAngleX": 1329.5129937194115
    }
  }
}