{
  "timestamp": "20260418_090312",
  "data": {
    "source": "LAppLive2DManager.onUpdate.isLeftButtonPressed_debug",
    "timestamp": 1776474190991,
    "dragX": 0.2301971971101804,
    "dragY": -2.5505187999477705,
    "isLeftButtonPressed": true,
    "modelMatrixY": 0.5,
    "modelParams": {
      "ParamAngleX": 10.305461883544922,
      "ParamAngleY": -30,
      "ParamEyeBallX": 0.23019719123840332,
      "ParamEyeBallY": -1,
      "ParamBodyAngleX": 111.26264411006812
    }
  }
}