{
  "timestamp": "20260417_225547",
  "data": {
    "source": "LAppLive2DManager.onUpdate.isLeftButtonPressed_debug",
    "timestamp": 1776437746996,
    "dragX": 0.0008874467584453864,
    "dragY": -0.0038279218955088595,
    "isLeftButtonPressed": false,
    "modelMatrixY": 0.5,
    "modelParams": {
      "ParamAngleX": -5.69630765914917,
      "ParamAngleY": -1.9286609888076782,
      "ParamEyeBallX": 0.0008874467457644641,
      "ParamEyeBallY": -0.003827921813353896,
      "ParamBodyAngleX": 601.4394467539819
    }
  }
}