{
  "timestamp": "20260417_201049",
  "data": {
    "source": "LAppLive2DManager.onUpdate.isLeftButtonPressed_debug",
    "timestamp": 1776427848573,
    "dragX": -0.10498183369892301,
    "dragY": -0.048289760953692216,
    "isLeftButtonPressed": true,
    "modelMatrixY": 0.5,
    "modelParams": {
      "ParamAngleX": 4.098515033721924,
      "ParamAngleY": -2.4115307331085205,
      "ParamEyeBallX": -0.10498183220624924,
      "ParamEyeBallY": -0.04828976094722748,
      "ParamBodyAngleX": 13.665764270249088
    }
  }
}