{
  "timestamp": "20260417_215607",
  "data": {
    "source": "LAppLive2DManager.onUpdate.isLeftButtonPressed_debug",
    "timestamp": 1776434167000,
    "dragX": -0.001609031173214862,
    "dragY": -0.5733167788655951,
    "isLeftButtonPressed": true,
    "modelMatrixY": 0.5,
    "modelParams": {
      "ParamAngleX": -7.534018516540527,
      "ParamAngleY": -14.945453643798828,
      "ParamEyeBallX": -0.0016090312274172902,
      "ParamEyeBallY": -0.573316752910614,
      "ParamBodyAngleX": 196.18590218099072
    }
  }
}