{
  "timestamp": "20260417_201627",
  "data": {
    "source": "LAppLive2DManager.onUpdate.isLeftButtonPressed_debug",
    "timestamp": 1776428150090,
    "dragX": -0.4168187100920822,
    "dragY": -0.5766814101887612,
    "isLeftButtonPressed": true,
    "modelMatrixY": 0.5,
    "modelParams": {
      "ParamAngleX": -9.402297973632812,
      "ParamAngleY": -21.283933639526367,
      "ParamEyeBallX": -0.4168187081813812,
      "ParamEyeBallY": -0.5766814351081848,
      "ParamBodyAngleX": -4299.097541359958
    }
  }
}