{
  "timestamp": "20260417_233238",
  "data": {
    "source": "LAppLive2DManager.onUpdate.isLeftButtonPressed_debug",
    "timestamp": 1776439951228,
    "dragX": 0.2393830791928838,
    "dragY": -1.3706643348563943,
    "isLeftButtonPressed": true,
    "modelMatrixY": 0.5,
    "modelParams": {
      "ParamAngleX": 4.446190357208252,
      "ParamAngleY": -29.089008331298828,
      "ParamEyeBallX": 0.23938308656215668,
      "ParamEyeBallY": -1,
      "ParamBodyAngleX": 9493.46049925901
    }
  }
}