{
  "timestamp": "20260418_002733",
  "data": {
    "source": "LAppLive2DManager.onUpdate.isLeftButtonPressed_debug",
    "timestamp": 1776443090791,
    "dragX": 0.7002693814031618,
    "dragY": -4.037796669658454,
    "isLeftButtonPressed": true,
    "modelMatrixY": 0.5,
    "modelParams": {
      "ParamAngleX": 15.211254119873047,
      "ParamAngleY": -26.335742950439453,
      "ParamEyeBallX": 0.7002694010734558,
      "ParamEyeBallY": -1,
      "ParamBodyAngleX": 331.1778958842217
    }
  }
}