{
  "timestamp": "20260418_001356",
  "data": {
    "source": "LAppLive2DManager.onUpdate.isLeftButtonPressed_debug",
    "timestamp": 1776442135154,
    "dragX": 0.15144285475019892,
    "dragY": -0.783637992092679,
    "isLeftButtonPressed": true,
    "modelMatrixY": 0.5,
    "modelParams": {
      "ParamAngleX": 3.2321465015411377,
      "ParamAngleY": -22.022239685058594,
      "ParamEyeBallX": 0.15144285559654236,
      "ParamEyeBallY": -0.7836380004882812,
      "ParamBodyAngleX": 33470.75779529624
    }
  }
}