{
  "timestamp": "20260417_215446",
  "data": {
    "source": "LAppLive2DManager.onUpdate.isLeftButtonPressed_debug",
    "timestamp": 1776433860935,
    "dragX": 0.6630717723607471,
    "dragY": -0.8421700698281136,
    "isLeftButtonPressed": false,
    "modelMatrixY": 0.5,
    "modelParams": {
      "ParamAngleX": 25.516042709350586,
      "ParamAngleY": -27.730066299438477,
      "ParamEyeBallX": 0.6630717515945435,
      "ParamEyeBallY": -0.8421700596809387,
      "ParamBodyAngleX": 22304.398608925243
    }
  }
}