{
  "timestamp": "20260417_212559",
  "data": {
    "source": "LAppLive2DManager.onUpdate.isLeftButtonPressed_debug",
    "timestamp": 1776432359209,
    "dragX": -0.025925773490864286,
    "dragY": -0.18482532214895483,
    "isLeftButtonPressed": true,
    "modelMatrixY": 0.5,
    "modelParams": {
      "ParamAngleX": 2.8131773471832275,
      "ParamAngleY": -9.485286712646484,
      "ParamEyeBallX": -0.02592577412724495,
      "ParamEyeBallY": -0.18482531607151031,
      "ParamBodyAngleX": 61.67544358057353
    }
  }
}