{
  "timestamp": "20260417_222711",
  "data": {
    "source": "LAppLive2DManager.onUpdate.isLeftButtonPressed_debug",
    "timestamp": 1776436030841,
    "dragX": -0.0034371262470832987,
    "dragY": -0.5387747518030768,
    "isLeftButtonPressed": true,
    "modelMatrixY": 0.5,
    "modelParams": {
      "ParamAngleX": -3.9770631790161133,
      "ParamAngleY": -19.873632431030273,
      "ParamEyeBallX": -0.003437126288190484,
      "ParamEyeBallY": -0.5387747287750244,
      "ParamBodyAngleX": 299.3305624293941
    }
  }
}