{
  "timestamp": "20260417_213636",
  "data": {
    "source": "LAppLive2DManager.onUpdate.isLeftButtonPressed_debug",
    "timestamp": 1776432946430,
    "dragX": 0.819760289135628,
    "dragY": -1.6070193859956,
    "isLeftButtonPressed": false,
    "modelMatrixY": 0.5,
    "modelParams": {
      "ParamAngleX": 30,
      "ParamAngleY": -28.408096313476562,
      "ParamEyeBallX": 0.819760262966156,
      "ParamEyeBallY": -1,
      "ParamBodyAngleX": 2623.445013232376
    }
  }
}