{
  "timestamp": "20260417_195805",
  "data": {
    "source": "LAppLive2DManager.onUpdate.isLeftButtonPressed_debug",
    "timestamp": 1776427029184,
    "dragX": -0.7036911852868217,
    "dragY": 0.18889239222245008,
    "isLeftButtonPressed": true,
    "modelMatrixY": 0.5,
    "modelParams": {
      "ParamAngleX": -26.549604415893555,
      "ParamAngleY": 2.595306158065796,
      "ParamEyeBallX": -0.7036911845207214,
      "ParamEyeBallY": 0.1888923943042755,
      "ParamBodyAngleX": -265.6321385933765
    }
  }
}