{
  "timestamp": "20260418_001930",
  "data": {
    "source": "LAppLive2DManager.onUpdate.isLeftButtonPressed_debug",
    "timestamp": 1776442763375,
    "dragX": 0.00015778914134813304,
    "dragY": -0.0014753459410792383,
    "isLeftButtonPressed": false,
    "modelMatrixY": 0.5,
    "modelParams": {
      "ParamAngleX": -6.507218360900879,
      "ParamAngleY": 3.571376085281372,
      "ParamEyeBallX": 0.00015778913802932948,
      "ParamEyeBallY": -0.0014753459254279733,
      "ParamBodyAngleX": 43479.637618097055
    }
  }
}