{
  "timestamp": "20260417_202023",
  "data": {
    "source": "LAppLive2DManager.onUpdate.isLeftButtonPressed_debug",
    "timestamp": 1776428422957,
    "dragX": -0.4764233338233572,
    "dragY": -0.28841259591345575,
    "isLeftButtonPressed": true,
    "modelMatrixY": 0.5,
    "modelParams": {
      "ParamAngleX": -20.58810806274414,
      "ParamAngleY": -10.790549278259277,
      "ParamEyeBallX": -0.47642332315444946,
      "ParamEyeBallY": -0.28841260075569153,
      "ParamBodyAngleX": -103.26655552326876
    }
  }
}