{
  "timestamp": "20260418_001142",
  "data": {
    "source": "LAppLive2DManager.onUpdate.isLeftButtonPressed_debug",
    "timestamp": 1776441995045,
    "dragX": 0.10091845226960591,
    "dragY": -2.520569534420059,
    "isLeftButtonPressed": true,
    "modelMatrixY": 0.5,
    "modelParams": {
      "ParamAngleX": 6.913846015930176,
      "ParamAngleY": -30,
      "ParamEyeBallX": 0.10091844946146011,
      "ParamEyeBallY": -1,
      "ParamBodyAngleX": 12220.969776426746
    }
  }
}