{
  "timestamp": "20260417_200722",
  "data": {
    "source": "LAppLive2DManager.onUpdate.isLeftButtonPressed_debug",
    "timestamp": 1776427456893,
    "dragX": -1.16426184596432,
    "dragY": -0.4021031327211998,
    "isLeftButtonPressed": true,
    "modelMatrixY": 0.5,
    "modelParams": {
      "ParamAngleX": -22.54670524597168,
      "ParamAngleY": -16.05726432800293,
      "ParamEyeBallX": -1,
      "ParamEyeBallY": -0.40210312604904175,
      "ParamBodyAngleX": -958.9416640665385
    }
  }
}