{
  "timestamp": "20260417_213248",
  "data": {
    "source": "LAppLive2DManager.onUpdate.isLeftButtonPressed_debug",
    "timestamp": 1776432766090,
    "dragX": 0.02097111891698346,
    "dragY": -0.4768595662410317,
    "isLeftButtonPressed": true,
    "modelMatrixY": 0.5,
    "modelParams": {
      "ParamAngleX": 0.2236815094947815,
      "ParamAngleY": -11.381335258483887,
      "ParamEyeBallX": 0.02097111940383911,
      "ParamEyeBallY": -0.47685956954956055,
      "ParamBodyAngleX": 1035.1389198591721
    }
  }
}