{
  "timestamp": "20260417_230001",
  "data": {
    "source": "LAppLive2DManager.onUpdate.isLeftButtonPressed_debug",
    "timestamp": 1776437991736,
    "dragX": 0.002753583181177576,
    "dragY": -0.3564783285336762,
    "isLeftButtonPressed": true,
    "modelMatrixY": 0.5,
    "modelParams": {
      "ParamAngleX": -7.276191234588623,
      "ParamAngleY": -12.362548828125,
      "ParamEyeBallX": 0.002753583248704672,
      "ParamEyeBallY": -0.35647833347320557,
      "ParamBodyAngleX": 3091.2406311812065
    }
  }
}