{
  "timestamp": "20260418_001338",
  "data": {
    "source": "LAppLive2DManager.onUpdate.isLeftButtonPressed_debug",
    "timestamp": 1776442100404,
    "dragX": 0.00033508191624461846,
    "dragY": -0.0009199429971769486,
    "isLeftButtonPressed": false,
    "modelMatrixY": 0.5,
    "modelParams": {
      "ParamAngleX": 7.262176513671875,
      "ParamAngleY": -2.493962526321411,
      "ParamEyeBallX": 0.0003350819170009345,
      "ParamEyeBallY": -0.0009199429769068956,
      "ParamBodyAngleX": 33593.60783032519
    }
  }
}