{
  "timestamp": "20260418_000824",
  "data": {
    "source": "LAppLive2DManager.onUpdate.isLeftButtonPressed_debug",
    "timestamp": 1776441940949,
    "dragX": 0.4131158047253016,
    "dragY": -3.856522454469124,
    "isLeftButtonPressed": true,
    "modelMatrixY": 0.5,
    "modelParams": {
      "ParamAngleX": 5.39666223526001,
      "ParamAngleY": -29.87380599975586,
      "ParamEyeBallX": 0.41311579942703247,
      "ParamEyeBallY": -1,
      "ParamBodyAngleX": 553.6355462871217
    }
  }
}