{
  "timestamp": "20260417_212430",
  "data": {
    "source": "LAppLive2DManager.onUpdate.isLeftButtonPressed_debug",
    "timestamp": 1776432270083,
    "dragX": 0.022481190023348724,
    "dragY": -0.2949125084341666,
    "isLeftButtonPressed": true,
    "modelMatrixY": 0.5,
    "modelParams": {
      "ParamAngleX": -5.157693386077881,
      "ParamAngleY": -9.786038398742676,
      "ParamEyeBallX": 0.022481190040707588,
      "ParamEyeBallY": -0.29491251707077026,
      "ParamBodyAngleX": 7839.022800379831
    }
  }
}