{
  "timestamp": "20260417_211709",
  "data": {
    "source": "LAppLive2DManager.onUpdate.isLeftButtonPressed_debug",
    "timestamp": 1776431815739,
    "dragX": 0.08215595319540805,
    "dragY": -0.6182496173782512,
    "isLeftButtonPressed": true,
    "modelMatrixY": 0.5,
    "modelParams": {
      "ParamAngleX": -0.07146196067333221,
      "ParamAngleY": -16.604978561401367,
      "ParamEyeBallX": 0.08215595036745071,
      "ParamEyeBallY": -0.6182495951652527,
      "ParamBodyAngleX": -1802.4308893140555
    }
  }
}