{
  "timestamp": "20260417_211810",
  "data": {
    "source": "LAppLive2DManager.onUpdate.isLeftButtonPressed_debug",
    "timestamp": 1776431882384,
    "dragX": -0.14298840195658324,
    "dragY": -0.4677839757527705,
    "isLeftButtonPressed": true,
    "modelMatrixY": 0.5,
    "modelParams": {
      "ParamAngleX": -11.786909103393555,
      "ParamAngleY": -10.085600852966309,
      "ParamEyeBallX": -0.1429883986711502,
      "ParamEyeBallY": -0.46778398752212524,
      "ParamBodyAngleX": -3074.599047897357
    }
  }
}