{
  "timestamp": "20260418_001319",
  "data": {
    "source": "LAppLive2DManager.onUpdate.isLeftButtonPressed_debug",
    "timestamp": 1776442084617,
    "dragX": 1.254053211047005,
    "dragY": -2.5168308263397043,
    "isLeftButtonPressed": true,
    "modelMatrixY": 0.5,
    "modelParams": {
      "ParamAngleX": 22.780101776123047,
      "ParamAngleY": -26.91265106201172,
      "ParamEyeBallX": 1,
      "ParamEyeBallY": -1,
      "ParamBodyAngleX": 28929.349441367074
    }
  }
}