{
  "timestamp": "20260418_000927",
  "data": {
    "source": "LAppLive2DManager.onUpdate.isLeftButtonPressed_debug",
    "timestamp": 1776441946103,
    "dragX": 0.6272267725803851,
    "dragY": -4.717084962441304,
    "isLeftButtonPressed": true,
    "modelMatrixY": 0.5,
    "modelParams": {
      "ParamAngleX": 14.509361267089844,
      "ParamAngleY": -30,
      "ParamEyeBallX": 0.6272267699241638,
      "ParamEyeBallY": -1,
      "ParamBodyAngleX": 1409.8030053584537
    }
  }
}