{
  "timestamp": "20260417_231743",
  "data": {
    "source": "LAppLive2DManager.onUpdate.isLeftButtonPressed_debug",
    "timestamp": 1776439045826,
    "dragX": 0.2330276308244316,
    "dragY": -0.8777189631057706,
    "isLeftButtonPressed": true,
    "modelMatrixY": 0.5,
    "modelParams": {
      "ParamAngleX": 2.3238232135772705,
      "ParamAngleY": -22.35834503173828,
      "ParamEyeBallX": 0.2330276370048523,
      "ParamEyeBallY": -0.877718985080719,
      "ParamBodyAngleX": 8322.162758703244
    }
  }
}