{
  "timestamp": "20260418_000943",
  "data": {
    "source": "LAppLive2DManager.onUpdate.isLeftButtonPressed_debug",
    "timestamp": 1776441947870,
    "dragX": 0.43356286681196005,
    "dragY": -3.310137155968309,
    "isLeftButtonPressed": true,
    "modelMatrixY": 0.5,
    "modelParams": {
      "ParamAngleX": 7.463639736175537,
      "ParamAngleY": -28.831581115722656,
      "ParamEyeBallX": 0.43356287479400635,
      "ParamEyeBallY": -1,
      "ParamBodyAngleX": 1686.4583473846367
    }
  }
}