{
  "timestamp": "20260418_002851",
  "data": {
    "source": "LAppLive2DManager.onUpdate.isLeftButtonPressed_debug",
    "timestamp": 1776443100059,
    "dragX": 0.5598277904623599,
    "dragY": -4.168749008026612,
    "isLeftButtonPressed": true,
    "modelMatrixY": 0.5,
    "modelParams": {
      "ParamAngleX": 19.51502227783203,
      "ParamAngleY": -30,
      "ParamEyeBallX": 0.5598278045654297,
      "ParamEyeBallY": -1,
      "ParamBodyAngleX": 1005.2427428947323
    }
  }
}