{
  "timestamp": "20260417_234601",
  "data": {
    "source": "LAppLive2DManager.onUpdate.isLeftButtonPressed_debug",
    "timestamp": 1776440756460,
    "dragX": 0.001320072727364576,
    "dragY": -1.2290140084738579,
    "isLeftButtonPressed": true,
    "modelMatrixY": 0.5,
    "modelParams": {
      "ParamAngleX": 4.097165584564209,
      "ParamAngleY": -27.45740509033203,
      "ParamEyeBallX": 0.0013200726825743914,
      "ParamEyeBallY": -1,
      "ParamBodyAngleX": -105.04193347578976
    }
  }
}