{
  "timestamp": "20260418_001257",
  "data": {
    "source": "LAppLive2DManager.onUpdate.isLeftButtonPressed_debug",
    "timestamp": 1776442062953,
    "dragX": 0.953416193722477,
    "dragY": -2.8418375791983426,
    "isLeftButtonPressed": true,
    "modelMatrixY": 0.5,
    "modelParams": {
      "ParamAngleX": 29.564374923706055,
      "ParamAngleY": -29.66618537902832,
      "ParamEyeBallX": 0.9534161686897278,
      "ParamEyeBallY": -1,
      "ParamBodyAngleX": 22259.800605225195
    }
  }
}