{
  "timestamp": "20260417_213230",
  "data": {
    "source": "LAppLive2DManager.onUpdate.isLeftButtonPressed_debug",
    "timestamp": 1776432745812,
    "dragX": 0.02097111891698346,
    "dragY": -0.4768595662410317,
    "isLeftButtonPressed": true,
    "modelMatrixY": 0.5,
    "modelParams": {
      "ParamAngleX": 4.835643768310547,
      "ParamAngleY": -17.25678062438965,
      "ParamEyeBallX": 0.02097111940383911,
      "ParamEyeBallY": -0.47685956954956055,
      "ParamBodyAngleX": 675.1117733296519
    }
  }
}