{
  "timestamp": "20260417_214857",
  "data": {
    "source": "LAppLive2DManager.onUpdate.isLeftButtonPressed_debug",
    "timestamp": 1776433737163,
    "dragX": 5.154306132841568e-07,
    "dragY": -1.0271344532466757,
    "isLeftButtonPressed": true,
    "modelMatrixY": 0.5,
    "modelParams": {
      "ParamAngleX": 1.4387609958648682,
      "ParamAngleY": -30,
      "ParamEyeBallX": 5.154305995347386e-07,
      "ParamEyeBallY": -1,
      "ParamBodyAngleX": 202.054937839228
    }
  }
}