{
  "timestamp": "20260417_221729",
  "data": {
    "source": "LAppLive2DManager.onUpdate.isLeftButtonPressed_debug",
    "timestamp": 1776435444668,
    "dragX": 0.048981249607737365,
    "dragY": -0.4327274995502487,
    "isLeftButtonPressed": true,
    "modelMatrixY": 0.5,
    "modelParams": {
      "ParamAngleX": 8.728862762451172,
      "ParamAngleY": -14.59815502166748,
      "ParamEyeBallX": 0.04898124933242798,
      "ParamEyeBallY": -0.43272748589515686,
      "ParamBodyAngleX": 466.03406050232735
    }
  }
}