{
  "timestamp": "20260418_001213",
  "data": {
    "source": "LAppLive2DManager.onUpdate.isLeftButtonPressed_debug",
    "timestamp": 1776442022075,
    "dragX": 0.8932657352251752,
    "dragY": -3.0575401809898577,
    "isLeftButtonPressed": true,
    "modelMatrixY": 0.5,
    "modelParams": {
      "ParamAngleX": 30,
      "ParamAngleY": -28.692975997924805,
      "ParamEyeBallX": 0.8932657241821289,
      "ParamEyeBallY": -1,
      "ParamBodyAngleX": 17050.857949255795
    }
  }
}