{
  "timestamp": "20260417_221657",
  "data": {
    "source": "LAppLive2DManager.onUpdate.isLeftButtonPressed_debug",
    "timestamp": 1776435408795,
    "dragX": -0.5967261254084242,
    "dragY": -0.27148763124214004,
    "isLeftButtonPressed": true,
    "modelMatrixY": 0.5,
    "modelParams": {
      "ParamAngleX": -14.605485916137695,
      "ParamAngleY": -12.015856742858887,
      "ParamEyeBallX": -0.59672611951828,
      "ParamEyeBallY": -0.27148762345314026,
      "ParamBodyAngleX": 61.175296004462005
    }
  }
}