{
  "timestamp": "20260418_003139",
  "data": {
    "source": "LAppLive2DManager.onUpdate.isLeftButtonPressed_debug",
    "timestamp": 1776443210828,
    "dragX": 0.4645645602268916,
    "dragY": -5.749611141878511,
    "isLeftButtonPressed": true,
    "modelMatrixY": 0.5,
    "modelParams": {
      "ParamAngleX": 14.430570602416992,
      "ParamAngleY": -26.822038650512695,
      "ParamEyeBallX": 0.46456456184387207,
      "ParamEyeBallY": -1,
      "ParamBodyAngleX": 6317.263631498192
    }
  }
}