{
  "timestamp": "20260418_001327",
  "data": {
    "source": "LAppLive2DManager.onUpdate.isLeftButtonPressed_debug",
    "timestamp": 1776442091703,
    "dragX": 0.9704426356377482,
    "dragY": -2.5089880079774596,
    "isLeftButtonPressed": true,
    "modelMatrixY": 0.5,
    "modelParams": {
      "ParamAngleX": 23.94845199584961,
      "ParamAngleY": -26.80698585510254,
      "ParamEyeBallX": 0.9704426527023315,
      "ParamEyeBallY": -1,
      "ParamBodyAngleX": 31230.6764851909
    }
  }
}