{
  "timestamp": "20260417_211202",
  "data": {
    "source": "LAppLive2DManager.onUpdate.isLeftButtonPressed_debug",
    "timestamp": 1776431517899,
    "dragX": -0.020627045866797446,
    "dragY": -0.3273921766054185,
    "isLeftButtonPressed": true,
    "modelMatrixY": 0.5,
    "modelParams": {
      "ParamAngleX": -1.7289024591445923,
      "ParamAngleY": -6.516833782196045,
      "ParamEyeBallX": -0.02062704600393772,
      "ParamEyeBallY": -0.32739219069480896,
      "ParamBodyAngleX": -2185.5252323355185
    }
  }
}