{
  "timestamp": "20260417_215339",
  "data": {
    "source": "LAppLive2DManager.onUpdate.isLeftButtonPressed_debug",
    "timestamp": 1776434019178,
    "dragX": 0.0527391143819244,
    "dragY": -0.3764036644287328,
    "isLeftButtonPressed": true,
    "modelMatrixY": 0.5,
    "modelParams": {
      "ParamAngleX": 9.042975425720215,
      "ParamAngleY": -8.466511726379395,
      "ParamEyeBallX": 0.052739113569259644,
      "ParamEyeBallY": -0.37640365958213806,
      "ParamBodyAngleX": 895.7432999187338
    }
  }
}