{
  "timestamp": "20260417_225431",
  "data": {
    "source": "LAppLive2DManager.onUpdate.isLeftButtonPressed_debug",
    "timestamp": 1776437668261,
    "dragX": 0.0471602450737183,
    "dragY": -1.2327691661867919,
    "isLeftButtonPressed": true,
    "modelMatrixY": 0.5,
    "modelParams": {
      "ParamAngleX": -2.5681796073913574,
      "ParamAngleY": -26.091609954833984,
      "ParamEyeBallX": 0.04716024547815323,
      "ParamEyeBallY": -1,
      "ParamBodyAngleX": 1286.9392803350681
    }
  }
}