{
  "timestamp": "20260418_003028",
  "data": {
    "source": "LAppLive2DManager.onUpdate.isLeftButtonPressed_debug",
    "timestamp": 1776443133795,
    "dragX": 0.38293966305056965,
    "dragY": -6.023686782316079,
    "isLeftButtonPressed": true,
    "modelMatrixY": 0.5,
    "modelParams": {
      "ParamAngleX": 18.86840057373047,
      "ParamAngleY": -26.77830696105957,
      "ParamEyeBallX": 0.3829396665096283,
      "ParamEyeBallY": -1,
      "ParamBodyAngleX": 4354.235407355206
    }
  }
}