{
  "timestamp": "20260417_225244",
  "data": {
    "source": "LAppLive2DManager.onUpdate.isLeftButtonPressed_debug",
    "timestamp": 1776437562975,
    "dragX": -0.12292695269590387,
    "dragY": -1.2479842834271655,
    "isLeftButtonPressed": true,
    "modelMatrixY": 0.5,
    "modelParams": {
      "ParamAngleX": -2.647303342819214,
      "ParamAngleY": -28.29151153564453,
      "ParamEyeBallX": -0.12292695045471191,
      "ParamEyeBallY": -1,
      "ParamBodyAngleX": -10.162369607984665
    }
  }
}