{
  "timestamp": "20260417_213844",
  "data": {
    "source": "LAppLive2DManager.onUpdate.isLeftButtonPressed_debug",
    "timestamp": 1776433077397,
    "dragX": -0.003376049797388158,
    "dragY": -0.0008168885679782174,
    "isLeftButtonPressed": false,
    "modelMatrixY": 0.5,
    "modelParams": {
      "ParamAngleX": -0.9378798007965088,
      "ParamAngleY": -2.401745080947876,
      "ParamEyeBallX": -0.0033760496880859137,
      "ParamEyeBallY": -0.0008168885833583772,
      "ParamBodyAngleX": 339.29730935572945
    }
  }
}