{
  "timestamp": "20260418_001207",
  "data": {
    "source": "LAppLive2DManager.onUpdate.isLeftButtonPressed_debug",
    "timestamp": 1776442016310,
    "dragX": 0.22295481810175555,
    "dragY": -0.72061708369375,
    "isLeftButtonPressed": true,
    "modelMatrixY": 0.5,
    "modelParams": {
      "ParamAngleX": 13.000658988952637,
      "ParamAngleY": -25.285615921020508,
      "ParamEyeBallX": 0.22295482456684113,
      "ParamEyeBallY": -0.7206170558929443,
      "ParamBodyAngleX": 14486.775013707424
    }
  }
}