{
  "timestamp": "20260417_223654",
  "data": {
    "source": "LAppLive2DManager.onUpdate.isLeftButtonPressed_debug",
    "timestamp": 1776436611420,
    "dragX": -0.047009592290461054,
    "dragY": -0.1873414383850197,
    "isLeftButtonPressed": true,
    "modelMatrixY": 0.5,
    "modelParams": {
      "ParamAngleX": -3.3965253829956055,
      "ParamAngleY": -1.6450047492980957,
      "ParamEyeBallX": -0.04700959101319313,
      "ParamEyeBallY": -0.18734143674373627,
      "ParamBodyAngleX": -10202.42559064985
    }
  }
}