{
  "timestamp": "20260418_001331",
  "data": {
    "source": "LAppLive2DManager.onUpdate.isLeftButtonPressed_debug",
    "timestamp": 1776442095320,
    "dragX": 0.0034496566027232035,
    "dragY": -0.008056725890777008,
    "isLeftButtonPressed": false,
    "modelMatrixY": 0.5,
    "modelParams": {
      "ParamAngleX": 3.236907720565796,
      "ParamAngleY": 3.241497039794922,
      "ParamEyeBallX": 0.0034496565349400043,
      "ParamEyeBallY": -0.008056726306676865,
      "ParamBodyAngleX": 32527.98696885654
    }
  }
}