{
  "timestamp": "20260417_211801",
  "data": {
    "source": "LAppLive2DManager.onUpdate.isLeftButtonPressed_debug",
    "timestamp": 1776431872145,
    "dragX": -0.026062404455728452,
    "dragY": -0.8498322147399919,
    "isLeftButtonPressed": true,
    "modelMatrixY": 0.5,
    "modelParams": {
      "ParamAngleX": 6.167148590087891,
      "ParamAngleY": -22.777006149291992,
      "ParamEyeBallX": -0.026062404736876488,
      "ParamEyeBallY": -0.8498322367668152,
      "ParamBodyAngleX": -2877.552589209778
    }
  }
}