{
  "timestamp": "20260418_001127",
  "data": {
    "source": "LAppLive2DManager.onUpdate.isLeftButtonPressed_debug",
    "timestamp": 1776441980875,
    "dragX": 1.1642265508604526,
    "dragY": -2.468629765146076,
    "isLeftButtonPressed": true,
    "modelMatrixY": 0.5,
    "modelParams": {
      "ParamAngleX": 26.344329833984375,
      "ParamAngleY": -30,
      "ParamEyeBallX": 1,
      "ParamEyeBallY": -1,
      "ParamBodyAngleX": 9758.516061616612
    }
  }
}