{
  "timestamp": "20260418_002755",
  "data": {
    "source": "LAppLive2DManager.onUpdate.isLeftButtonPressed_debug",
    "timestamp": 1776443093331,
    "dragX": 0.1949595670463336,
    "dragY": -4.612746858947041,
    "isLeftButtonPressed": true,
    "modelMatrixY": 0.5,
    "modelParams": {
      "ParamAngleX": 7.229097366333008,
      "ParamAngleY": -30,
      "ParamEyeBallX": 0.19495956599712372,
      "ParamEyeBallY": -1,
      "ParamBodyAngleX": 719.7065252478254
    }
  }
}