{
  "timestamp": "20260417_225916",
  "data": {
    "source": "LAppLive2DManager.onUpdate.isLeftButtonPressed_debug",
    "timestamp": 1776437949991,
    "dragX": 0.1768633079016876,
    "dragY": -1.8806259797934572,
    "isLeftButtonPressed": true,
    "modelMatrixY": 0.5,
    "modelParams": {
      "ParamAngleX": 9.977137565612793,
      "ParamAngleY": -27.231586456298828,
      "ParamEyeBallX": 0.17686331272125244,
      "ParamEyeBallY": -1,
      "ParamBodyAngleX": 405.9689253514419
    }
  }
}