{
  "timestamp": "20260417_211708",
  "data": {
    "source": "LAppLive2DManager.onUpdate.isLeftButtonPressed_debug",
    "timestamp": 1776431814797,
    "dragX": 0.08215595319540805,
    "dragY": -0.6182496173782512,
    "isLeftButtonPressed": true,
    "modelMatrixY": 0.5,
    "modelParams": {
      "ParamAngleX": 6.404801368713379,
      "ParamAngleY": -15.238557815551758,
      "ParamEyeBallX": 0.08215595036745071,
      "ParamEyeBallY": -0.6182495951652527,
      "ParamBodyAngleX": -1870.300693339903
    }
  }
}