{
  "timestamp": "20260417_223136",
  "data": {
    "source": "LAppLive2DManager.onUpdate.isLeftButtonPressed_debug",
    "timestamp": 1776436290939,
    "dragX": -0.16112788718890506,
    "dragY": -0.7725687345910489,
    "isLeftButtonPressed": true,
    "modelMatrixY": 0.5,
    "modelParams": {
      "ParamAngleX": -4.741891384124756,
      "ParamAngleY": -24.64413833618164,
      "ParamEyeBallX": -0.16112788021564484,
      "ParamEyeBallY": -0.7725687623023987,
      "ParamBodyAngleX": -3214.588040406768
    }
  }
}