{
  "timestamp": "20260418_000946",
  "data": {
    "source": "LAppLive2DManager.onUpdate.isLeftButtonPressed_debug",
    "timestamp": 1776441948210,
    "dragX": 0.43356286681196005,
    "dragY": -3.310137155968309,
    "isLeftButtonPressed": true,
    "modelMatrixY": 0.5,
    "modelParams": {
      "ParamAngleX": 9.398536682128906,
      "ParamAngleY": -30,
      "ParamEyeBallX": 0.43356287479400635,
      "ParamEyeBallY": -1,
      "ParamBodyAngleX": 1727.6877776808062
    }
  }
}