{
  "timestamp": "20260417_214851",
  "data": {
    "source": "LAppLive2DManager.onUpdate.isLeftButtonPressed_debug",
    "timestamp": 1776433731225,
    "dragX": 0.0026636816007423077,
    "dragY": -0.2603391619107833,
    "isLeftButtonPressed": true,
    "modelMatrixY": 0.5,
    "modelParams": {
      "ParamAngleX": -2.678877830505371,
      "ParamAngleY": -6.932103157043457,
      "ParamEyeBallX": 0.0026636815164238214,
      "ParamEyeBallY": -0.2603391706943512,
      "ParamBodyAngleX": 100.41697900470665
    }
  }
}