{
  "timestamp": "20260417_223231",
  "data": {
    "source": "LAppLive2DManager.onUpdate.isLeftButtonPressed_debug",
    "timestamp": 1776436341591,
    "dragX": -0.16112788718890506,
    "dragY": -0.7725687345910489,
    "isLeftButtonPressed": true,
    "modelMatrixY": 0.5,
    "modelParams": {
      "ParamAngleX": 2.6660332679748535,
      "ParamAngleY": -25.733354568481445,
      "ParamEyeBallX": -0.16112788021564484,
      "ParamEyeBallY": -0.7725687623023987,
      "ParamBodyAngleX": -5814.657091006092
    }
  }
}