{
  "timestamp": "20260417_225542",
  "data": {
    "source": "LAppLive2DManager.onUpdate.isLeftButtonPressed_debug",
    "timestamp": 1776437742175,
    "dragX": -0.025650979614028183,
    "dragY": -0.4166075635100965,
    "isLeftButtonPressed": true,
    "modelMatrixY": 0.5,
    "modelParams": {
      "ParamAngleX": -5.233449459075928,
      "ParamAngleY": -8.639825820922852,
      "ParamEyeBallX": -0.025650979951024055,
      "ParamEyeBallY": -0.4166075587272644,
      "ParamBodyAngleX": 828.5676831204396
    }
  }
}