{
  "timestamp": "20260417_225734",
  "data": {
    "source": "LAppLive2DManager.onUpdate.isLeftButtonPressed_debug",
    "timestamp": 1776437853376,
    "dragX": -0.06887030027031665,
    "dragY": -0.8063813797995472,
    "isLeftButtonPressed": true,
    "modelMatrixY": 0.5,
    "modelParams": {
      "ParamAngleX": -5.778313159942627,
      "ParamAngleY": -27.719989776611328,
      "ParamEyeBallX": -0.06887029856443405,
      "ParamEyeBallY": -0.8063814043998718,
      "ParamBodyAngleX": -546.5478216987459
    }
  }
}