{
  "timestamp": "20260417_230238",
  "data": {
    "source": "LAppLive2DManager.onUpdate.isLeftButtonPressed_debug",
    "timestamp": 1776438157639,
    "dragX": -0.13879582805031002,
    "dragY": -1.561515237049038,
    "isLeftButtonPressed": true,
    "modelMatrixY": 0.5,
    "modelParams": {
      "ParamAngleX": 3.1645612716674805,
      "ParamAngleY": -27.154342651367188,
      "ParamEyeBallX": -0.13879582285881042,
      "ParamEyeBallY": -1,
      "ParamBodyAngleX": 236.83909949180475
    }
  }
}