{
  "timestamp": "20260418_000932",
  "data": {
    "source": "LAppLive2DManager.onUpdate.isLeftButtonPressed_debug",
    "timestamp": 1776441946727,
    "dragX": 0.6362947387645943,
    "dragY": -4.705514384931055,
    "isLeftButtonPressed": true,
    "modelMatrixY": 0.5,
    "modelParams": {
      "ParamAngleX": 12.064486503601074,
      "ParamAngleY": -27.08405303955078,
      "ParamEyeBallX": 0.6362947225570679,
      "ParamEyeBallY": -1,
      "ParamBodyAngleX": 1537.7972438445606
    }
  }
}