{
  "timestamp": "20260417_202317",
  "data": {
    "source": "LAppLive2DManager.onUpdate.isLeftButtonPressed_debug",
    "timestamp": 1776428595238,
    "dragX": -0.16199919031058974,
    "dragY": -0.18387302636806238,
    "isLeftButtonPressed": true,
    "modelMatrixY": 0.5,
    "modelParams": {
      "ParamAngleX": 2.3948988914489746,
      "ParamAngleY": -2.1097469329833984,
      "ParamEyeBallX": -0.1619991958141327,
      "ParamEyeBallY": -0.1838730275630951,
      "ParamBodyAngleX": -4527.844157513919
    }
  }
}