{
  "timestamp": "20260418_001931",
  "data": {
    "source": "LAppLive2DManager.onUpdate.isLeftButtonPressed_debug",
    "timestamp": 1776442763415,
    "dragX": 0.00015778914134813304,
    "dragY": -0.0014753459410792383,
    "isLeftButtonPressed": false,
    "modelMatrixY": 0.5,
    "modelParams": {
      "ParamAngleX": -6.655450820922852,
      "ParamAngleY": 3.691471576690674,
      "ParamEyeBallX": 0.00015778913802932948,
      "ParamEyeBallY": -0.0014753459254279733,
      "ParamBodyAngleX": 43483.54990986895
    }
  }
}