{
  "timestamp": "20260417_200328",
  "data": {
    "source": "LAppLive2DManager.onUpdate.isLeftButtonPressed_debug",
    "timestamp": 1776427264481,
    "dragX": -0.3317445217102022,
    "dragY": 0.043678924511934863,
    "isLeftButtonPressed": true,
    "modelMatrixY": 0.5,
    "modelParams": {
      "ParamAngleX": -17.244129180908203,
      "ParamAngleY": 5.07514762878418,
      "ParamEyeBallX": -0.331744521856308,
      "ParamEyeBallY": 0.043678924441337585,
      "ParamBodyAngleX": 360.4404895889037
    }
  }
}