{
  "timestamp": "20260417_233100",
  "data": {
    "source": "LAppLive2DManager.onUpdate.isLeftButtonPressed_debug",
    "timestamp": 1776439858072,
    "dragX": 0.3042271368584529,
    "dragY": -2.4869146527806274,
    "isLeftButtonPressed": true,
    "modelMatrixY": 0.5,
    "modelParams": {
      "ParamAngleX": 16.206384658813477,
      "ParamAngleY": -27.49880027770996,
      "ParamEyeBallX": 0.30422714352607727,
      "ParamEyeBallY": -1,
      "ParamBodyAngleX": 1622.3711446525986
    }
  }
}