{
  "timestamp": "20260418_001433",
  "data": {
    "source": "LAppLive2DManager.onUpdate.isLeftButtonPressed_debug",
    "timestamp": 1776442154305,
    "dragX": 0.6047944389921702,
    "dragY": -3.8652649559094567,
    "isLeftButtonPressed": true,
    "modelMatrixY": 0.5,
    "modelParams": {
      "ParamAngleX": 20.025556564331055,
      "ParamAngleY": -30,
      "ParamEyeBallX": 0.604794442653656,
      "ParamEyeBallY": -1,
      "ParamBodyAngleX": 39025.46164388066
    }
  }
}