{
  "timestamp": "20260417_201527",
  "data": {
    "source": "LAppLive2DManager.onUpdate.isLeftButtonPressed_debug",
    "timestamp": 1776428106254,
    "dragX": -0.23590189635172748,
    "dragY": -0.26913310633132437,
    "isLeftButtonPressed": true,
    "modelMatrixY": 0.5,
    "modelParams": {
      "ParamAngleX": -1.3054771423339844,
      "ParamAngleY": -5.04972505569458,
      "ParamEyeBallX": -0.23590189218521118,
      "ParamEyeBallY": -0.2691331207752228,
      "ParamBodyAngleX": -506.20258480771736
    }
  }
}