{
  "timestamp": "20260417_230002",
  "data": {
    "source": "LAppLive2DManager.onUpdate.isLeftButtonPressed_debug",
    "timestamp": 1776437992741,
    "dragX": -0.11793502984073866,
    "dragY": -0.7355799056964915,
    "isLeftButtonPressed": true,
    "modelMatrixY": 0.5,
    "modelParams": {
      "ParamAngleX": -6.548116207122803,
      "ParamAngleY": -18.163602828979492,
      "ParamEyeBallX": -0.11793503165245056,
      "ParamEyeBallY": -0.7355799078941345,
      "ParamBodyAngleX": 3054.972878352983
    }
  }
}