{
  "timestamp": "20260417_202131",
  "data": {
    "source": "LAppLive2DManager.onUpdate.isLeftButtonPressed_debug",
    "timestamp": 1776428491094,
    "dragX": -0.08148429534514179,
    "dragY": -0.1535047271722296,
    "isLeftButtonPressed": true,
    "modelMatrixY": 0.5,
    "modelParams": {
      "ParamAngleX": 4.990135669708252,
      "ParamAngleY": -7.4917192459106445,
      "ParamEyeBallX": -0.08148429542779922,
      "ParamEyeBallY": -0.15350472927093506,
      "ParamBodyAngleX": -976.3185572485163
    }
  }
}