{
  "timestamp": "20260418_001059",
  "data": {
    "source": "LAppLive2DManager.onUpdate.isLeftButtonPressed_debug",
    "timestamp": 1776441957861,
    "dragX": 0.549599662991844,
    "dragY": -5.259509089717897,
    "isLeftButtonPressed": true,
    "modelMatrixY": 0.5,
    "modelParams": {
      "ParamAngleX": 21.008214950561523,
      "ParamAngleY": -26.072647094726562,
      "ParamEyeBallX": 0.5495996475219727,
      "ParamEyeBallY": -1,
      "ParamBodyAngleX": 4287.172719871393
    }
  }
}