{
  "timestamp": "20260417_225849",
  "data": {
    "source": "LAppLive2DManager.onUpdate.isLeftButtonPressed_debug",
    "timestamp": 1776437926637,
    "dragX": 0.036436027136801254,
    "dragY": -0.9850182006274205,
    "isLeftButtonPressed": true,
    "modelMatrixY": 0.5,
    "modelParams": {
      "ParamAngleX": -5.703190326690674,
      "ParamAngleY": -29.928625106811523,
      "ParamEyeBallX": 0.03643602877855301,
      "ParamEyeBallY": -0.9850181937217712,
      "ParamBodyAngleX": 295.46079286881405
    }
  }
}