{
  "timestamp": "20260418_001259",
  "data": {
    "source": "LAppLive2DManager.onUpdate.isLeftButtonPressed_debug",
    "timestamp": 1776442064114,
    "dragX": 1.0084114427847117,
    "dragY": -2.908360550778224,
    "isLeftButtonPressed": true,
    "modelMatrixY": 0.5,
    "modelParams": {
      "ParamAngleX": 23.7470645904541,
      "ParamAngleY": -26.639055252075195,
      "ParamEyeBallX": 1,
      "ParamEyeBallY": -1,
      "ParamBodyAngleX": 22962.485164188045
    }
  }
}