{
  "timestamp": "20260417_221811",
  "data": {
    "source": "LAppLive2DManager.onUpdate.isLeftButtonPressed_debug",
    "timestamp": 1776435417559,
    "dragX": -0.007525185809920884,
    "dragY": -0.00037308233092306266,
    "isLeftButtonPressed": false,
    "modelMatrixY": 0.5,
    "modelParams": {
      "ParamAngleX": -7.6753644943237305,
      "ParamAngleY": 3.9588632583618164,
      "ParamEyeBallX": -0.007525185588747263,
      "ParamEyeBallY": -0.00037308232276700437,
      "ParamBodyAngleX": -694.90819410988
    }
  }
}