{
  "timestamp": "20260417_211705",
  "data": {
    "source": "LAppLive2DManager.onUpdate.isLeftButtonPressed_debug",
    "timestamp": 1776431812082,
    "dragX": 0.08215595319540805,
    "dragY": -0.6182496173782512,
    "isLeftButtonPressed": true,
    "modelMatrixY": 0.5,
    "modelParams": {
      "ParamAngleX": 2.269988536834717,
      "ParamAngleY": -15.916767120361328,
      "ParamEyeBallX": 0.08215595036745071,
      "ParamEyeBallY": -0.6182495951652527,
      "ParamBodyAngleX": -2079.2768235808826
    }
  }
}