{
  "timestamp": "20260417_213252",
  "data": {
    "source": "LAppLive2DManager.onUpdate.isLeftButtonPressed_debug",
    "timestamp": 1776432770512,
    "dragX": 0.02097111891698346,
    "dragY": -0.4768595662410317,
    "isLeftButtonPressed": true,
    "modelMatrixY": 0.5,
    "modelParams": {
      "ParamAngleX": 7.471920967102051,
      "ParamAngleY": -16.971149444580078,
      "ParamEyeBallX": 0.02097111940383911,
      "ParamEyeBallY": -0.47685956954956055,
      "ParamBodyAngleX": 1054.6452600390242
    }
  }
}