{
  "timestamp": "20260417_210838",
  "data": {
    "source": "LAppLive2DManager.onUpdate.isLeftButtonPressed_debug",
    "timestamp": 1776431318208,
    "dragX": -0.023018197527544762,
    "dragY": -0.30515510995808715,
    "isLeftButtonPressed": true,
    "modelMatrixY": 0.5,
    "modelParams": {
      "ParamAngleX": 3.038877487182617,
      "ParamAngleY": -12.500091552734375,
      "ParamEyeBallX": -0.02301819808781147,
      "ParamEyeBallY": -0.30515509843826294,
      "ParamBodyAngleX": -1240.8303879362659
    }
  }
}