{
  "timestamp": "20260417_212333",
  "data": {
    "source": "LAppLive2DManager.onUpdate.isLeftButtonPressed_debug",
    "timestamp": 1776432213126,
    "dragX": 0.45834227335805566,
    "dragY": -0.06602602945663313,
    "isLeftButtonPressed": false,
    "modelMatrixY": 0.5,
    "modelParams": {
      "ParamAngleX": 19.571044921875,
      "ParamAngleY": -0.10387129336595535,
      "ParamEyeBallX": 0.4583422839641571,
      "ParamEyeBallY": -0.06602603197097778,
      "ParamBodyAngleX": 3263.2075293091143
    }
  }
}