{
  "timestamp": "20260417_203602",
  "data": {
    "source": "LAppLive2DManager.onUpdate.isLeftButtonPressed_debug",
    "timestamp": 1776429155191,
    "dragX": 0.009428747977288066,
    "dragY": -0.004112216673586983,
    "isLeftButtonPressed": false,
    "modelMatrixY": 0.5,
    "modelParams": {
      "ParamAngleX": -3.2700412273406982,
      "ParamAngleY": 2.3022074699401855,
      "ParamEyeBallX": 0.009428747929632664,
      "ParamEyeBallY": -0.004112216643989086,
      "ParamBodyAngleX": -89.71717061313542
    }
  }
}