{
  "timestamp": "20260417_211109",
  "data": {
    "source": "LAppLive2DManager.onUpdate.isLeftButtonPressed_debug",
    "timestamp": 1776431465210,
    "dragX": -0.020627045866797446,
    "dragY": -0.3273921766054185,
    "isLeftButtonPressed": true,
    "modelMatrixY": 0.5,
    "modelParams": {
      "ParamAngleX": -4.486583709716797,
      "ParamAngleY": -5.821872711181641,
      "ParamEyeBallX": -0.02062704600393772,
      "ParamEyeBallY": -0.32739219069480896,
      "ParamBodyAngleX": -1867.7060180407334
    }
  }
}