{
  "timestamp": "20260418_001311",
  "data": {
    "source": "LAppLive2DManager.onUpdate.isLeftButtonPressed_debug",
    "timestamp": 1776442076191,
    "dragX": 1.0464618947475206,
    "dragY": -3.827336147248437,
    "isLeftButtonPressed": true,
    "modelMatrixY": 0.5,
    "modelParams": {
      "ParamAngleX": 29.73863410949707,
      "ParamAngleY": -30,
      "ParamEyeBallX": 1,
      "ParamEyeBallY": -1,
      "ParamBodyAngleX": 25796.718838943805
    }
  }
}