{
  "timestamp": "20260418_001245",
  "data": {
    "source": "LAppLive2DManager.onUpdate.isLeftButtonPressed_debug",
    "timestamp": 1776442051083,
    "dragX": -0.0005195330160132731,
    "dragY": 0.001584907723030415,
    "isLeftButtonPressed": false,
    "modelMatrixY": 0.5,
    "modelParams": {
      "ParamAngleX": -6.415633201599121,
      "ParamAngleY": -3.252368688583374,
      "ParamEyeBallX": -0.0005195330013521016,
      "ParamEyeBallY": 0.0015849077608436346,
      "ParamBodyAngleX": 18239.044119240065
    }
  }
}