{
  "timestamp": "20260417_203140",
  "data": {
    "source": "LAppLive2DManager.onUpdate.isLeftButtonPressed_debug",
    "timestamp": 1776429073866,
    "dragX": 0.453590992114937,
    "dragY": 0.19736554178640336,
    "isLeftButtonPressed": false,
    "modelMatrixY": 0.5,
    "modelParams": {
      "ParamAngleX": 19.206499099731445,
      "ParamAngleY": 8.205756187438965,
      "ParamEyeBallX": 0.453590989112854,
      "ParamEyeBallY": 0.19736553728580475,
      "ParamBodyAngleX": 485.10631152851073
    }
  }
}