{
  "timestamp": "20260417_223310",
  "data": {
    "source": "LAppLive2DManager.onUpdate.isLeftButtonPressed_debug",
    "timestamp": 1776436374320,
    "dragX": -0.06652758055615118,
    "dragY": -1.176550128989833,
    "isLeftButtonPressed": true,
    "modelMatrixY": 0.5,
    "modelParams": {
      "ParamAngleX": 5.495023250579834,
      "ParamAngleY": -26.766756057739258,
      "ParamEyeBallX": -0.0665275827050209,
      "ParamEyeBallY": -1,
      "ParamBodyAngleX": -6627.671261739157
    }
  }
}