{
  "timestamp": "20260417_231344",
  "data": {
    "source": "LAppLive2DManager.onUpdate.isLeftButtonPressed_debug",
    "timestamp": 1776438823130,
    "dragX": 0.30132662591741416,
    "dragY": -0.8759904515808974,
    "isLeftButtonPressed": true,
    "modelMatrixY": 0.5,
    "modelParams": {
      "ParamAngleX": 14.718212127685547,
      "ParamAngleY": -30,
      "ParamEyeBallX": 0.3013266324996948,
      "ParamEyeBallY": -0.8759904503822327,
      "ParamBodyAngleX": 2117.436588246961
    }
  }
}