{
  "timestamp": "20260417_202126",
  "data": {
    "source": "LAppLive2DManager.onUpdate.isLeftButtonPressed_debug",
    "timestamp": 1776428486203,
    "dragX": -0.11187101896292062,
    "dragY": -0.13048920487939789,
    "isLeftButtonPressed": true,
    "modelMatrixY": 0.5,
    "modelParams": {
      "ParamAngleX": -4.385921955108643,
      "ParamAngleY": -3.5826339721679688,
      "ParamEyeBallX": -0.11187101900577545,
      "ParamEyeBallY": -0.13048920035362244,
      "ParamBodyAngleX": -1247.1615663422792
    }
  }
}