{
  "timestamp": "20260417_225854",
  "data": {
    "source": "LAppLive2DManager.onUpdate.isLeftButtonPressed_debug",
    "timestamp": 1776437931582,
    "dragX": 0.024967376798854003,
    "dragY": -0.38654525689588765,
    "isLeftButtonPressed": true,
    "modelMatrixY": 0.5,
    "modelParams": {
      "ParamAngleX": -2.6762125492095947,
      "ParamAngleY": -13.681689262390137,
      "ParamEyeBallX": 0.02496737614274025,
      "ParamEyeBallY": -0.3865452706813812,
      "ParamBodyAngleX": 246.15282805929817
    }
  }
}