{
  "timestamp": "20260417_211812",
  "data": {
    "source": "LAppLive2DManager.onUpdate.isLeftButtonPressed_debug",
    "timestamp": 1776431884774,
    "dragX": -0.14298840195658324,
    "dragY": -0.4677839757527705,
    "isLeftButtonPressed": true,
    "modelMatrixY": 0.5,
    "modelParams": {
      "ParamAngleX": 0.8882335424423218,
      "ParamAngleY": -15.169595718383789,
      "ParamEyeBallX": -0.1429883986711502,
      "ParamEyeBallY": -0.46778398752212524,
      "ParamBodyAngleX": -3305.9007765164292
    }
  }
}