{
  "timestamp": "20260417_225704",
  "data": {
    "source": "LAppLive2DManager.onUpdate.isLeftButtonPressed_debug",
    "timestamp": 1776437824186,
    "dragX": -0.06887030027031665,
    "dragY": -0.8063813797995472,
    "isLeftButtonPressed": true,
    "modelMatrixY": 0.5,
    "modelParams": {
      "ParamAngleX": 0.20019109547138214,
      "ParamAngleY": -22.144161224365234,
      "ParamEyeBallX": -0.06887029856443405,
      "ParamEyeBallY": -0.8063814043998718,
      "ParamBodyAngleX": 26.379397799362273
    }
  }
}