{
  "timestamp": "20260417_211758",
  "data": {
    "source": "LAppLive2DManager.onUpdate.isLeftButtonPressed_debug",
    "timestamp": 1776431868944,
    "dragX": -0.025739703365127944,
    "dragY": -1.1240592661789341,
    "isLeftButtonPressed": true,
    "modelMatrixY": 0.5,
    "modelParams": {
      "ParamAngleX": -7.8867340087890625,
      "ParamAngleY": -29.385589599609375,
      "ParamEyeBallX": -0.025739703327417374,
      "ParamEyeBallY": -1,
      "ParamBodyAngleX": -2755.0702832184093
    }
  }
}