{
  "timestamp": "20260417_213526",
  "data": {
    "source": "LAppLive2DManager.onUpdate.isLeftButtonPressed_debug",
    "timestamp": 1776432839478,
    "dragX": 1.3018792906393037,
    "dragY": -0.7687521339838135,
    "isLeftButtonPressed": false,
    "modelMatrixY": 0.5,
    "modelParams": {
      "ParamAngleX": 30,
      "ParamAngleY": -26.92422866821289,
      "ParamEyeBallX": 1,
      "ParamEyeBallY": -0.7687521576881409,
      "ParamBodyAngleX": 1929.0576627918606
    }
  }
}