{
  "timestamp": "20260417_233837",
  "data": {
    "source": "LAppLive2DManager.onUpdate.isLeftButtonPressed_debug",
    "timestamp": 1776440316819,
    "dragX": -0.016436695160297044,
    "dragY": -1.5875498166957964,
    "isLeftButtonPressed": true,
    "modelMatrixY": 0.5,
    "modelParams": {
      "ParamAngleX": 1.642214059829712,
      "ParamAngleY": -30,
      "ParamEyeBallX": -0.01643669605255127,
      "ParamEyeBallY": -1,
      "ParamBodyAngleX": 639.5037344356303
    }
  }
}