{
  "timestamp": "20260418_090348",
  "data": {
    "source": "LAppLive2DManager.onUpdate.isLeftButtonPressed_debug",
    "timestamp": 1776474198609,
    "dragX": 0.7675688685940484,
    "dragY": -3.4412561227324088,
    "isLeftButtonPressed": true,
    "modelMatrixY": 0.5,
    "modelParams": {
      "ParamAngleX": 18.964954376220703,
      "ParamAngleY": -30,
      "ParamEyeBallX": 0.7675688862800598,
      "ParamEyeBallY": -1,
      "ParamBodyAngleX": 1184.2345592519368
    }
  }
}