{
  "timestamp": "20260417_203821",
  "data": {
    "source": "LAppLive2DManager.onUpdate.isLeftButtonPressed_debug",
    "timestamp": 1776429295368,
    "dragX": 0.009428747977288066,
    "dragY": -0.004112216673586983,
    "isLeftButtonPressed": false,
    "modelMatrixY": 0.5,
    "modelParams": {
      "ParamAngleX": 1.7693512439727783,
      "ParamAngleY": -4.103474140167236,
      "ParamEyeBallX": 0.009428747929632664,
      "ParamEyeBallY": -0.004112216643989086,
      "ParamBodyAngleX": 462.2461929918112
    }
  }
}