{
  "timestamp": "20260417_200346",
  "data": {
    "source": "LAppLive2DManager.onUpdate.isLeftButtonPressed_debug",
    "timestamp": 1776427267282,
    "dragX": -0.6161516272350765,
    "dragY": -1.524808188443197,
    "isLeftButtonPressed": true,
    "modelMatrixY": 0.5,
    "modelParams": {
      "ParamAngleX": -11.152679443359375,
      "ParamAngleY": -27.703550338745117,
      "ParamEyeBallX": -0.6161516308784485,
      "ParamEyeBallY": -1,
      "ParamBodyAngleX": 250.12226607732538
    }
  }
}