{
  "timestamp": "20260418_001448",
  "data": {
    "source": "LAppLive2DManager.onUpdate.isLeftButtonPressed_debug",
    "timestamp": 1776442170622,
    "dragX": 0.04637220939631518,
    "dragY": -0.5169986114494416,
    "isLeftButtonPressed": false,
    "modelMatrixY": 0.5,
    "modelParams": {
      "ParamAngleX": -0.6939771175384521,
      "ParamAngleY": -14.835896492004395,
      "ParamEyeBallX": 0.04637220874428749,
      "ParamEyeBallY": -0.5169985890388489,
      "ParamBodyAngleX": 41448.70588181677
    }
  }
}