{
  "timestamp": "20260417_220030",
  "data": {
    "source": "LAppLive2DManager.onUpdate.isLeftButtonPressed_debug",
    "timestamp": 1776434201009,
    "dragX": 0.008988253070722499,
    "dragY": 0.009580298878998944,
    "isLeftButtonPressed": false,
    "modelMatrixY": 0.5,
    "modelParams": {
      "ParamAngleX": 4.3529534339904785,
      "ParamAngleY": 2.851895809173584,
      "ParamEyeBallX": 0.008988252840936184,
      "ParamEyeBallY": 0.009580299258232117,
      "ParamBodyAngleX": 25576.40919637323
    }
  }
}