{
  "timestamp": "20260418_002906",
  "data": {
    "source": "LAppLive2DManager.onUpdate.isLeftButtonPressed_debug",
    "timestamp": 1776443101773,
    "dragX": 0.316731564707553,
    "dragY": -3.869403494221411,
    "isLeftButtonPressed": true,
    "modelMatrixY": 0.5,
    "modelParams": {
      "ParamAngleX": 16.250978469848633,
      "ParamAngleY": -26.14206886291504,
      "ParamEyeBallX": 0.3167315721511841,
      "ParamEyeBallY": -1,
      "ParamBodyAngleX": 1078.1044740134605
    }
  }
}