{
  "timestamp": "20260417_233826",
  "data": {
    "source": "LAppLive2DManager.onUpdate.isLeftButtonPressed_debug",
    "timestamp": 1776440305782,
    "dragX": 0.05466578581212344,
    "dragY": -0.6059322473833381,
    "isLeftButtonPressed": true,
    "modelMatrixY": 0.5,
    "modelParams": {
      "ParamAngleX": -5.8266682624816895,
      "ParamAngleY": -16.127634048461914,
      "ParamEyeBallX": 0.054665785282850266,
      "ParamEyeBallY": -0.6059322357177734,
      "ParamBodyAngleX": 282.48171925316285
    }
  }
}