{
  "timestamp": "20260418_001330",
  "data": {
    "source": "LAppLive2DManager.onUpdate.isLeftButtonPressed_debug",
    "timestamp": 1776442094315,
    "dragX": 0.3235007668226374,
    "dragY": -0.7555410012952206,
    "isLeftButtonPressed": false,
    "modelMatrixY": 0.5,
    "modelParams": {
      "ParamAngleX": 17.08491325378418,
      "ParamAngleY": -25.300966262817383,
      "ParamEyeBallX": 0.32350075244903564,
      "ParamEyeBallY": -0.7555410265922546,
      "ParamBodyAngleX": 32428.267471493815
    }
  }
}