{
  "timestamp": "20260417_211501",
  "data": {
    "source": "LAppLive2DManager.onUpdate.isLeftButtonPressed_debug",
    "timestamp": 1776431701224,
    "dragX": 0.04871740322319623,
    "dragY": -1.0417111558341607,
    "isLeftButtonPressed": true,
    "modelMatrixY": 0.5,
    "modelParams": {
      "ParamAngleX": 2.898498058319092,
      "ParamAngleY": -29.475324630737305,
      "ParamEyeBallX": 0.048717401921749115,
      "ParamEyeBallY": -1,
      "ParamBodyAngleX": -2369.2756873793373
    }
  }
}