{
  "timestamp": "20260417_222938",
  "data": {
    "source": "LAppLive2DManager.onUpdate.isLeftButtonPressed_debug",
    "timestamp": 1776436152539,
    "dragX": -0.065821441503702,
    "dragY": -1.3123527567290676,
    "isLeftButtonPressed": true,
    "modelMatrixY": 0.5,
    "modelParams": {
      "ParamAngleX": -3.768972158432007,
      "ParamAngleY": -27.221338272094727,
      "ParamEyeBallX": -0.06582143902778625,
      "ParamEyeBallY": -1,
      "ParamBodyAngleX": -2613.851480187313
    }
  }
}