{
  "timestamp": "20260417_214922",
  "data": {
    "source": "LAppLive2DManager.onUpdate.isLeftButtonPressed_debug",
    "timestamp": 1776433762227,
    "dragX": 0.04034720300754153,
    "dragY": -0.6984335250791368,
    "isLeftButtonPressed": true,
    "modelMatrixY": 0.5,
    "modelParams": {
      "ParamAngleX": 8.258487701416016,
      "ParamAngleY": -24.683629989624023,
      "ParamEyeBallX": 0.040347203612327576,
      "ParamEyeBallY": -0.698433518409729,
      "ParamBodyAngleX": 340.9050349545674
    }
  }
}