{
  "timestamp": "20260417_215122",
  "data": {
    "source": "LAppLive2DManager.onUpdate.isLeftButtonPressed_debug",
    "timestamp": 1776433881926,
    "dragX": 0.00022621410869023495,
    "dragY": -0.27218722639138515,
    "isLeftButtonPressed": true,
    "modelMatrixY": 0.5,
    "modelParams": {
      "ParamAngleX": -5.201018333435059,
      "ParamAngleY": -11.695838928222656,
      "ParamEyeBallX": 0.00022621410607825965,
      "ParamEyeBallY": -0.2721872329711914,
      "ParamBodyAngleX": 428.2945739451601
    }
  }
}