{
  "timestamp": "20260417_203624",
  "data": {
    "source": "LAppLive2DManager.onUpdate.isLeftButtonPressed_debug",
    "timestamp": 1776429180181,
    "dragX": 0.009428747977288066,
    "dragY": -0.004112216673586983,
    "isLeftButtonPressed": false,
    "modelMatrixY": 0.5,
    "modelParams": {
      "ParamAngleX": 4.522150993347168,
      "ParamAngleY": 3.4612860679626465,
      "ParamEyeBallX": 0.009428747929632664,
      "ParamEyeBallY": -0.004112216643989086,
      "ParamBodyAngleX": 23.371304240247518
    }
  }
}