{
  "timestamp": "20260418_001154",
  "data": {
    "source": "LAppLive2DManager.onUpdate.isLeftButtonPressed_debug",
    "timestamp": 1776442005148,
    "dragX": 0.1845395411262197,
    "dragY": -2.386267137346695,
    "isLeftButtonPressed": true,
    "modelMatrixY": 0.5,
    "modelParams": {
      "ParamAngleX": -0.030075417831540108,
      "ParamAngleY": -30,
      "ParamEyeBallX": 0.1845395416021347,
      "ParamEyeBallY": -1,
      "ParamBodyAngleX": 13999.204124481996
    }
  }
}