{
  "timestamp": "20260418_001429",
  "data": {
    "source": "LAppLive2DManager.onUpdate.isLeftButtonPressed_debug",
    "timestamp": 1776442150027,
    "dragX": 0.5270009145604367,
    "dragY": -2.8892276248142266,
    "isLeftButtonPressed": true,
    "modelMatrixY": 0.5,
    "modelParams": {
      "ParamAngleX": 8.752756118774414,
      "ParamAngleY": -30,
      "ParamEyeBallX": 0.527000904083252,
      "ParamEyeBallY": -1,
      "ParamBodyAngleX": 38556.587024066386
    }
  }
}