{
  "timestamp": "20260417_223237",
  "data": {
    "source": "LAppLive2DManager.onUpdate.isLeftButtonPressed_debug",
    "timestamp": 1776436347098,
    "dragX": -0.07356326745488832,
    "dragY": -1.1503651530035788,
    "isLeftButtonPressed": true,
    "modelMatrixY": 0.5,
    "modelParams": {
      "ParamAngleX": 1.8779200315475464,
      "ParamAngleY": -28.703060150146484,
      "ParamEyeBallX": -0.07356327027082443,
      "ParamEyeBallY": -1,
      "ParamBodyAngleX": -5973.318123161533
    }
  }
}