{
  "timestamp": "20260418_001438",
  "data": {
    "source": "LAppLive2DManager.onUpdate.isLeftButtonPressed_debug",
    "timestamp": 1776442158728,
    "dragX": 0.7133431084773207,
    "dragY": -3.873714897290709,
    "isLeftButtonPressed": true,
    "modelMatrixY": 0.5,
    "modelParams": {
      "ParamAngleX": 27.06336784362793,
      "ParamAngleY": -27.446443557739258,
      "ParamEyeBallX": 0.71334308385849,
      "ParamEyeBallY": -1,
      "ParamBodyAngleX": 40133.8602210314
    }
  }
}