{
  "timestamp": "20260417_211747",
  "data": {
    "source": "LAppLive2DManager.onUpdate.isLeftButtonPressed_debug",
    "timestamp": 1776431856596,
    "dragX": -0.025739703365127944,
    "dragY": -1.1240592661789341,
    "isLeftButtonPressed": true,
    "modelMatrixY": 0.5,
    "modelParams": {
      "ParamAngleX": -7.75856351852417,
      "ParamAngleY": -30,
      "ParamEyeBallX": -0.025739703327417374,
      "ParamEyeBallY": -1,
      "ParamBodyAngleX": -2739.28885848935
    }
  }
}