{
  "timestamp": "20260417_211505",
  "data": {
    "source": "LAppLive2DManager.onUpdate.isLeftButtonPressed_debug",
    "timestamp": 1776431705213,
    "dragX": -0.02029396615720116,
    "dragY": -1.0032548539690562,
    "isLeftButtonPressed": true,
    "modelMatrixY": 0.5,
    "modelParams": {
      "ParamAngleX": -6.444347381591797,
      "ParamAngleY": -26.750091552734375,
      "ParamEyeBallX": -0.020293965935707092,
      "ParamEyeBallY": -1,
      "ParamBodyAngleX": -2323.991857572409
    }
  }
}