{
  "timestamp": "20260417_221709",
  "data": {
    "source": "LAppLive2DManager.onUpdate.isLeftButtonPressed_debug",
    "timestamp": 1776435428310,
    "dragX": 0.07455067705012938,
    "dragY": -0.7355909621127092,
    "isLeftButtonPressed": true,
    "modelMatrixY": 0.5,
    "modelParams": {
      "ParamAngleX": -4.985814094543457,
      "ParamAngleY": -18.315109252929688,
      "ParamEyeBallX": 0.07455067336559296,
      "ParamEyeBallY": -0.735590934753418,
      "ParamBodyAngleX": 166.08170139947092
    }
  }
}