{
  "timestamp": "20260418_001104",
  "data": {
    "source": "LAppLive2DManager.onUpdate.isLeftButtonPressed_debug",
    "timestamp": 1776441962635,
    "dragX": 0.3955096049434314,
    "dragY": -3.823117812087973,
    "isLeftButtonPressed": true,
    "modelMatrixY": 0.5,
    "modelParams": {
      "ParamAngleX": 17.25048828125,
      "ParamAngleY": -30,
      "ParamEyeBallX": 0.39550960063934326,
      "ParamEyeBallY": -1,
      "ParamBodyAngleX": 5426.470621042795
    }
  }
}