{
  "timestamp": "20260417_215832",
  "data": {
    "source": "LAppLive2DManager.onUpdate.isLeftButtonPressed_debug",
    "timestamp": 1776434084782,
    "dragX": 0.008988253070722499,
    "dragY": 0.009580298878998944,
    "isLeftButtonPressed": false,
    "modelMatrixY": 0.5,
    "modelParams": {
      "ParamAngleX": -4.886021614074707,
      "ParamAngleY": 4.238979339599609,
      "ParamEyeBallX": 0.008988252840936184,
      "ParamEyeBallY": 0.009580299258232117,
      "ParamBodyAngleX": 24924.874202677245
    }
  }
}