{
  "timestamp": "20260417_222724",
  "data": {
    "source": "LAppLive2DManager.onUpdate.isLeftButtonPressed_debug",
    "timestamp": 1776436040266,
    "dragX": -0.2153636965347087,
    "dragY": -1.388285403250091,
    "isLeftButtonPressed": true,
    "modelMatrixY": 0.5,
    "modelParams": {
      "ParamAngleX": -0.5938039422035217,
      "ParamAngleY": -26.880130767822266,
      "ParamEyeBallX": -0.21536369621753693,
      "ParamEyeBallY": -1,
      "ParamBodyAngleX": -161.31011811954212
    }
  }
}