{
  "timestamp": "20260417_225227",
  "data": {
    "source": "LAppLive2DManager.onUpdate.isLeftButtonPressed_debug",
    "timestamp": 1776437547225,
    "dragX": -0.06638760224021499,
    "dragY": -1.4696918663614904,
    "isLeftButtonPressed": true,
    "modelMatrixY": 0.5,
    "modelParams": {
      "ParamAngleX": 1.0711896419525146,
      "ParamAngleY": -30,
      "ParamEyeBallX": -0.0663876011967659,
      "ParamEyeBallY": -1,
      "ParamBodyAngleX": 379.5927607677562
    }
  }
}