{
  "timestamp": "20260417_225554",
  "data": {
    "source": "LAppLive2DManager.onUpdate.isLeftButtonPressed_debug",
    "timestamp": 1776437754012,
    "dragX": 0.3931919378395116,
    "dragY": -1.1110890471948751,
    "isLeftButtonPressed": true,
    "modelMatrixY": 0.5,
    "modelParams": {
      "ParamAngleX": 4.515507221221924,
      "ParamAngleY": -30,
      "ParamEyeBallX": 0.393191933631897,
      "ParamEyeBallY": -1,
      "ParamBodyAngleX": 983.29497950416
    }
  }
}