{
  "timestamp": "20260417_211734",
  "data": {
    "source": "LAppLive2DManager.onUpdate.isLeftButtonPressed_debug",
    "timestamp": 1776431842846,
    "dragX": -0.07836654257573372,
    "dragY": -0.42286443580950683,
    "isLeftButtonPressed": true,
    "modelMatrixY": 0.5,
    "modelParams": {
      "ParamAngleX": -9.531034469604492,
      "ParamAngleY": -10.567328453063965,
      "ParamEyeBallX": -0.07836654037237167,
      "ParamEyeBallY": -0.4228644371032715,
      "ParamBodyAngleX": -2427.7488166122516
    }
  }
}