{
  "timestamp": "20260417_231319",
  "data": {
    "source": "LAppLive2DManager.onUpdate.isLeftButtonPressed_debug",
    "timestamp": 1776438798161,
    "dragX": 0.26447008270686057,
    "dragY": -0.41958821111339645,
    "isLeftButtonPressed": true,
    "modelMatrixY": 0.5,
    "modelParams": {
      "ParamAngleX": 5.933960437774658,
      "ParamAngleY": -16.402387619018555,
      "ParamEyeBallX": 0.26447007060050964,
      "ParamEyeBallY": -0.41958820819854736,
      "ParamBodyAngleX": 576.206856423058
    }
  }
}