{
  "timestamp": "20260417_213122",
  "data": {
    "source": "LAppLive2DManager.onUpdate.isLeftButtonPressed_debug",
    "timestamp": 1776432672224,
    "dragX": 0.0009113271891685189,
    "dragY": -0.4320699005574596,
    "isLeftButtonPressed": true,
    "modelMatrixY": 0.5,
    "modelParams": {
      "ParamAngleX": 5.859468936920166,
      "ParamAngleY": -16.695281982421875,
      "ParamEyeBallX": 0.000911327195353806,
      "ParamEyeBallY": -0.43206989765167236,
      "ParamBodyAngleX": 518.7286056026949
    }
  }
}