{
  "timestamp": "20260417_211717",
  "data": {
    "source": "LAppLive2DManager.onUpdate.isLeftButtonPressed_debug",
    "timestamp": 1776431823760,
    "dragX": -0.1316274028028697,
    "dragY": -0.38242493167187075,
    "isLeftButtonPressed": true,
    "modelMatrixY": 0.5,
    "modelParams": {
      "ParamAngleX": -11.271459579467773,
      "ParamAngleY": -15.217927932739258,
      "ParamEyeBallX": -0.1316273957490921,
      "ParamEyeBallY": -0.382424920797348,
      "ParamBodyAngleX": -1871.1688613877136
    }
  }
}