{
  "timestamp": "20260417_230056",
  "data": {
    "source": "LAppLive2DManager.onUpdate.isLeftButtonPressed_debug",
    "timestamp": 1776438035526,
    "dragX": 0.026593997891157056,
    "dragY": -0.868604916876825,
    "isLeftButtonPressed": true,
    "modelMatrixY": 0.5,
    "modelParams": {
      "ParamAngleX": 1.6451671123504639,
      "ParamAngleY": -22.44175148010254,
      "ParamEyeBallX": 0.026593998074531555,
      "ParamEyeBallY": -0.8686048984527588,
      "ParamBodyAngleX": 3350.0136951153245
    }
  }
}