{
  "timestamp": "20260417_211459",
  "data": {
    "source": "LAppLive2DManager.onUpdate.isLeftButtonPressed_debug",
    "timestamp": 1776431699243,
    "dragX": -0.0281279925650784,
    "dragY": -1.026797941139624,
    "isLeftButtonPressed": true,
    "modelMatrixY": 0.5,
    "modelParams": {
      "ParamAngleX": -8.277071952819824,
      "ParamAngleY": -29.071706771850586,
      "ParamEyeBallX": -0.028127992525696754,
      "ParamEyeBallY": -1,
      "ParamBodyAngleX": -2274.5188178333497
    }
  }
}