{
  "timestamp": "20260418_000854",
  "data": {
    "source": "LAppLive2DManager.onUpdate.isLeftButtonPressed_debug",
    "timestamp": 1776441943112,
    "dragX": 0.27684175908638475,
    "dragY": -3.0886693756279358,
    "isLeftButtonPressed": true,
    "modelMatrixY": 0.5,
    "modelParams": {
      "ParamAngleX": 14.082585334777832,
      "ParamAngleY": -27.49880027770996,
      "ParamEyeBallX": 0.27684175968170166,
      "ParamEyeBallY": -1,
      "ParamBodyAngleX": 1045.4522963421925
    }
  }
}