{
  "timestamp": "20260417_233115",
  "data": {
    "source": "LAppLive2DManager.onUpdate.isLeftButtonPressed_debug",
    "timestamp": 1776439871989,
    "dragX": 0.2393830791928838,
    "dragY": -1.3706643348563943,
    "isLeftButtonPressed": true,
    "modelMatrixY": 0.5,
    "modelParams": {
      "ParamAngleX": 10.259114265441895,
      "ParamAngleY": -28.91173553466797,
      "ParamEyeBallX": 0.23938308656215668,
      "ParamEyeBallY": -1,
      "ParamBodyAngleX": 2709.0176993998302
    }
  }
}