{
  "timestamp": "20260417_203244",
  "data": {
    "source": "LAppLive2DManager.onUpdate.isLeftButtonPressed_debug",
    "timestamp": 1776429164214,
    "dragX": -0.0365406279847399,
    "dragY": -0.8836153231089074,
    "isLeftButtonPressed": true,
    "modelMatrixY": 0.5,
    "modelParams": {
      "ParamAngleX": -8.433361053466797,
      "ParamAngleY": -22.519405364990234,
      "ParamEyeBallX": -0.03654062747955322,
      "ParamEyeBallY": -0.8836153149604797,
      "ParamBodyAngleX": -461.5152399062017
    }
  }
}