{
  "timestamp": "20260417_231730",
  "data": {
    "source": "LAppLive2DManager.onUpdate.isLeftButtonPressed_debug",
    "timestamp": 1776439034482,
    "dragX": 0.2330276308244316,
    "dragY": -0.8777189631057706,
    "isLeftButtonPressed": true,
    "modelMatrixY": 0.5,
    "modelParams": {
      "ParamAngleX": 13.200623512268066,
      "ParamAngleY": -25.863340377807617,
      "ParamEyeBallX": 0.2330276370048523,
      "ParamEyeBallY": -0.877718985080719,
      "ParamBodyAngleX": 7658.121522229463
    }
  }
}