{
  "timestamp": "20260417_221700",
  "data": {
    "source": "LAppLive2DManager.onUpdate.isLeftButtonPressed_debug",
    "timestamp": 1776435409177,
    "dragX": -0.8654331236398325,
    "dragY": -0.18622643503730113,
    "isLeftButtonPressed": false,
    "modelMatrixY": 0.5,
    "modelParams": {
      "ParamAngleX": -25.305784225463867,
      "ParamAngleY": -7.96688985824585,
      "ParamEyeBallX": -0.8654330968856812,
      "ParamEyeBallY": -0.18622644245624542,
      "ParamBodyAngleX": -78.38350108435624
    }
  }
}