{
  "timestamp": "20260418_003006",
  "data": {
    "source": "LAppLive2DManager.onUpdate.isLeftButtonPressed_debug",
    "timestamp": 1776443109281,
    "dragX": 0.7658219756477965,
    "dragY": -2.5008925206379184,
    "isLeftButtonPressed": true,
    "modelMatrixY": 0.5,
    "modelParams": {
      "ParamAngleX": 24.363828659057617,
      "ParamAngleY": -27.98334503173828,
      "ParamEyeBallX": 0.7658219933509827,
      "ParamEyeBallY": -1,
      "ParamBodyAngleX": 1992.472558828139
    }
  }
}