{
  "timestamp": "20260417_215736",
  "data": {
    "source": "LAppLive2DManager.onUpdate.isLeftButtonPressed_debug",
    "timestamp": 1776434256220,
    "dragX": 0.13441354910442244,
    "dragY": -0.2962248681926245,
    "isLeftButtonPressed": true,
    "modelMatrixY": 0.5,
    "modelParams": {
      "ParamAngleX": 7.88007926940918,
      "ParamAngleY": -12.104219436645508,
      "ParamEyeBallX": 0.13441355526447296,
      "ParamEyeBallY": -0.2962248623371124,
      "ParamBodyAngleX": 2601.4186220560505
    }
  }
}