{
  "timestamp": "20260417_202121",
  "data": {
    "source": "LAppLive2DManager.onUpdate.isLeftButtonPressed_debug",
    "timestamp": 1776428481228,
    "dragX": 0.33000013301213255,
    "dragY": -2.0250270475286802,
    "isLeftButtonPressed": true,
    "modelMatrixY": 0.5,
    "modelParams": {
      "ParamAngleX": 2.4217007160186768,
      "ParamAngleY": -28.028032302856445,
      "ParamEyeBallX": 0.3300001323223114,
      "ParamEyeBallY": -1,
      "ParamBodyAngleX": -1199.4821902376148
    }
  }
}