{
  "timestamp": "20260417_211700",
  "data": {
    "source": "LAppLive2DManager.onUpdate.isLeftButtonPressed_debug",
    "timestamp": 1776431807855,
    "dragX": -0.19708705506284405,
    "dragY": -0.744961456279826,
    "isLeftButtonPressed": true,
    "modelMatrixY": 0.5,
    "modelParams": {
      "ParamAngleX": 0.14046505093574524,
      "ParamAngleY": -18.605541229248047,
      "ParamEyeBallX": -0.19708704948425293,
      "ParamEyeBallY": -0.7449614405632019,
      "ParamBodyAngleX": -2157.064065020966
    }
  }
}