{
  "timestamp": "20260417_225513",
  "data": {
    "source": "LAppLive2DManager.onUpdate.isLeftButtonPressed_debug",
    "timestamp": 1776437713161,
    "dragX": 0.0471602450737183,
    "dragY": -1.2327691661867919,
    "isLeftButtonPressed": true,
    "modelMatrixY": 0.5,
    "modelParams": {
      "ParamAngleX": 3.2581100463867188,
      "ParamAngleY": -30,
      "ParamEyeBallX": 0.04716024547815323,
      "ParamEyeBallY": -1,
      "ParamBodyAngleX": 1797.9041894407653
    }
  }
}