{
  "timestamp": "20260418_001239",
  "data": {
    "source": "LAppLive2DManager.onUpdate.isLeftButtonPressed_debug",
    "timestamp": 1776442045668,
    "dragX": -0.0005195330160132731,
    "dragY": 0.001584907723030415,
    "isLeftButtonPressed": false,
    "modelMatrixY": 0.5,
    "modelParams": {
      "ParamAngleX": -6.497817516326904,
      "ParamAngleY": 2.823650598526001,
      "ParamEyeBallX": -0.0005195330013521016,
      "ParamEyeBallY": 0.0015849077608436346,
      "ParamBodyAngleX": 17839.800968173902
    }
  }
}