{
  "timestamp": "20260417_233827",
  "data": {
    "source": "LAppLive2DManager.onUpdate.isLeftButtonPressed_debug",
    "timestamp": 1776440306700,
    "dragX": -0.006352861859036195,
    "dragY": -1.0292628168472924,
    "isLeftButtonPressed": true,
    "modelMatrixY": 0.5,
    "modelParams": {
      "ParamAngleX": -4.3926167488098145,
      "ParamAngleY": -30,
      "ParamEyeBallX": -0.006352861877530813,
      "ParamEyeBallY": -1,
      "ParamBodyAngleX": 348.32212102100516
    }
  }
}