{
  "timestamp": "20260417_215223",
  "data": {
    "source": "LAppLive2DManager.onUpdate.isLeftButtonPressed_debug",
    "timestamp": 1776433941944,
    "dragX": -0.07042368016020166,
    "dragY": -0.25399651449404886,
    "isLeftButtonPressed": true,
    "modelMatrixY": 0.5,
    "modelParams": {
      "ParamAngleX": 0.5687924027442932,
      "ParamAngleY": -7.980273723602295,
      "ParamEyeBallX": -0.0704236775636673,
      "ParamEyeBallY": -0.25399652123451233,
      "ParamBodyAngleX": -102.84414842382722
    }
  }
}