{
  "timestamp": "20260417_213639",
  "data": {
    "source": "LAppLive2DManager.onUpdate.isLeftButtonPressed_debug",
    "timestamp": 1776432946779,
    "dragX": 0.6615161552503842,
    "dragY": -1.513585781393673,
    "isLeftButtonPressed": true,
    "modelMatrixY": 0.5,
    "modelParams": {
      "ParamAngleX": 25.309118270874023,
      "ParamAngleY": -30,
      "ParamEyeBallX": 0.6615161299705505,
      "ParamEyeBallY": -1,
      "ParamBodyAngleX": 2738.592770672036
    }
  }
}