{
  "timestamp": "20260417_231331",
  "data": {
    "source": "LAppLive2DManager.onUpdate.isLeftButtonPressed_debug",
    "timestamp": 1776438809967,
    "dragX": 0.5857840455638786,
    "dragY": -0.9214981623716139,
    "isLeftButtonPressed": true,
    "modelMatrixY": 0.5,
    "modelParams": {
      "ParamAngleX": 23.670997619628906,
      "ParamAngleY": -26.645915985107422,
      "ParamEyeBallX": 0.5857840180397034,
      "ParamEyeBallY": -0.92149817943573,
      "ParamBodyAngleX": 1304.9749898244152
    }
  }
}