{
  "timestamp": "20260418_001455",
  "data": {
    "source": "LAppLive2DManager.onUpdate.isLeftButtonPressed_debug",
    "timestamp": 1776442175000,
    "dragX": 0.48268839254809753,
    "dragY": -3.7951552798913037,
    "isLeftButtonPressed": true,
    "modelMatrixY": 0.5,
    "modelParams": {
      "ParamAngleX": 9.137029647827148,
      "ParamAngleY": -30,
      "ParamEyeBallX": 0.48268839716911316,
      "ParamEyeBallY": -1,
      "ParamBodyAngleX": 42211.806569899025
    }
  }
}