{
  "timestamp": "20260417_215632",
  "data": {
    "source": "LAppLive2DManager.onUpdate.isLeftButtonPressed_debug",
    "timestamp": 1776434192240,
    "dragX": 0.10118553560480475,
    "dragY": -1.1147831969514594,
    "isLeftButtonPressed": true,
    "modelMatrixY": 0.5,
    "modelParams": {
      "ParamAngleX": -2.2213213443756104,
      "ParamAngleY": -30,
      "ParamEyeBallX": 0.10118553787469864,
      "ParamEyeBallY": -1,
      "ParamBodyAngleX": -59.876001141119325
    }
  }
}