{
  "timestamp": "20260417_221804",
  "data": {
    "source": "LAppLive2DManager.onUpdate.isLeftButtonPressed_debug",
    "timestamp": 1776435474893,
    "dragX": 0.06813456676175333,
    "dragY": -0.5674300372257894,
    "isLeftButtonPressed": true,
    "modelMatrixY": 0.5,
    "modelParams": {
      "ParamAngleX": -4.418153762817383,
      "ParamAngleY": -16.637744903564453,
      "ParamEyeBallX": 0.06813456863164902,
      "ParamEyeBallY": -0.5674300193786621,
      "ParamBodyAngleX": 788.9768903273566
    }
  }
}