{
  "timestamp": "20260417_231459",
  "data": {
    "source": "LAppLive2DManager.onUpdate.isLeftButtonPressed_debug",
    "timestamp": 1776438897069,
    "dragX": 0.6259604870897331,
    "dragY": -1.661470250226296,
    "isLeftButtonPressed": true,
    "modelMatrixY": 0.5,
    "modelParams": {
      "ParamAngleX": 12.02037525177002,
      "ParamAngleY": -30,
      "ParamEyeBallX": 0.6259604692459106,
      "ParamEyeBallY": -1,
      "ParamBodyAngleX": 18424.976797469193
    }
  }
}