{
  "timestamp": "20260417_200242",
  "data": {
    "source": "LAppLive2DManager.onUpdate.isLeftButtonPressed_debug",
    "timestamp": 1776427257879,
    "dragX": -1.3629684001261653,
    "dragY": -1.2972473013999013,
    "isLeftButtonPressed": true,
    "modelMatrixY": 0.5,
    "modelParams": {
      "ParamAngleX": -30,
      "ParamAngleY": -28.457162857055664,
      "ParamEyeBallX": -1,
      "ParamEyeBallY": -1,
      "ParamBodyAngleX": 176.22674731371325
    }
  }
}