{
  "timestamp": "20260418_001026",
  "data": {
    "source": "LAppLive2DManager.onUpdate.isLeftButtonPressed_debug",
    "timestamp": 1776441951724,
    "dragX": 0.608979551769007,
    "dragY": -4.459326574480299,
    "isLeftButtonPressed": true,
    "modelMatrixY": 0.5,
    "modelParams": {
      "ParamAngleX": 20.23823356628418,
      "ParamAngleY": -30,
      "ParamEyeBallX": 0.6089795231819153,
      "ParamEyeBallY": -1,
      "ParamBodyAngleX": 2403.6043845775007
    }
  }
}