{
  "timestamp": "20260417_234017",
  "data": {
    "source": "LAppLive2DManager.onUpdate.isLeftButtonPressed_debug",
    "timestamp": 1776440401359,
    "dragX": 0.031418284705095,
    "dragY": -1.1151380567637381,
    "isLeftButtonPressed": true,
    "modelMatrixY": 0.5,
    "modelParams": {
      "ParamAngleX": 5.639132022857666,
      "ParamAngleY": -28.930566787719727,
      "ParamEyeBallX": 0.03141828626394272,
      "ParamEyeBallY": -1,
      "ParamBodyAngleX": 1958.4511898581136
    }
  }
}