{
  "timestamp": "20260418_001454",
  "data": {
    "source": "LAppLive2DManager.onUpdate.isLeftButtonPressed_debug",
    "timestamp": 1776442174789,
    "dragX": 0.48268839254809753,
    "dragY": -3.7951552798913037,
    "isLeftButtonPressed": true,
    "modelMatrixY": 0.5,
    "modelParams": {
      "ParamAngleX": 10.331036567687988,
      "ParamAngleY": -30,
      "ParamEyeBallX": 0.48268839716911316,
      "ParamEyeBallY": -1,
      "ParamBodyAngleX": 42151.85430688778
    }
  }
}