{
  "timestamp": "20260418_002751",
  "data": {
    "source": "LAppLive2DManager.onUpdate.isLeftButtonPressed_debug",
    "timestamp": 1776443092784,
    "dragX": 0.29578108909569023,
    "dragY": -4.510039678884234,
    "isLeftButtonPressed": true,
    "modelMatrixY": 0.5,
    "modelParams": {
      "ParamAngleX": 6.366157531738281,
      "ParamAngleY": -30,
      "ParamEyeBallX": 0.29578107595443726,
      "ParamEyeBallY": -1,
      "ParamBodyAngleX": 659.9503615516614
    }
  }
}