{
  "timestamp": "20260417_221734",
  "data": {
    "source": "LAppLive2DManager.onUpdate.isLeftButtonPressed_debug",
    "timestamp": 1776435448673,
    "dragX": -0.1498759412347589,
    "dragY": -0.2505601014670609,
    "isLeftButtonPressed": true,
    "modelMatrixY": 0.5,
    "modelParams": {
      "ParamAngleX": -11.222342491149902,
      "ParamAngleY": -5.864777565002441,
      "ParamEyeBallX": -0.1498759388923645,
      "ParamEyeBallY": -0.25056010484695435,
      "ParamBodyAngleX": 510.059067686604
    }
  }
}