{
  "timestamp": "20260417_222834",
  "data": {
    "source": "LAppLive2DManager.onUpdate.isLeftButtonPressed_debug",
    "timestamp": 1776436096896,
    "dragX": -0.065821441503702,
    "dragY": -1.3123527567290676,
    "isLeftButtonPressed": true,
    "modelMatrixY": 0.5,
    "modelParams": {
      "ParamAngleX": -0.893088698387146,
      "ParamAngleY": -27.2457332611084,
      "ParamEyeBallX": -0.06582143902778625,
      "ParamEyeBallY": -1,
      "ParamBodyAngleX": -1205.3586156840377
    }
  }
}