{
  "timestamp": "20260419_184930",
  "data": {
    "source": "LAppLive2DManager.onUpdate.isLeftButtonPressed_debug",
    "timestamp": 1776595768132,
    "dragX": -0.017833501805795543,
    "dragY": 0.08097532881603348,
    "isLeftButtonPressed": true,
    "modelMatrixY": 0.5,
    "modelParams": {
      "ParamAngleX": -2.9878339767456055,
      "ParamAngleY": 6.407186031341553,
      "ParamEyeBallX": -0.01783350110054016,
      "ParamEyeBallY": 0.08097533136606216,
      "ParamBodyAngleX": -25.889289192559236
    }
  }
}