{
  "timestamp": "20260417_201630",
  "data": {
    "source": "LAppLive2DManager.onUpdate.isLeftButtonPressed_debug",
    "timestamp": 1776428152326,
    "dragX": -0.4168187100920822,
    "dragY": -0.5766814101887612,
    "isLeftButtonPressed": true,
    "modelMatrixY": 0.5,
    "modelParams": {
      "ParamAngleX": -8.567506790161133,
      "ParamAngleY": -14.964859962463379,
      "ParamEyeBallX": -0.4168187081813812,
      "ParamEyeBallY": -0.5766814351081848,
      "ParamBodyAngleX": -4570.103223778255
    }
  }
}