{
  "timestamp": "20260417_221703",
  "data": {
    "source": "LAppLive2DManager.onUpdate.isLeftButtonPressed_debug",
    "timestamp": 1776435409534,
    "dragX": -0.008034469216913556,
    "dragY": -0.0016254526112908039,
    "isLeftButtonPressed": false,
    "modelMatrixY": 0.5,
    "modelParams": {
      "ParamAngleX": -2.1297378540039062,
      "ParamAngleY": -0.06654024869203568,
      "ParamEyeBallX": -0.008034469559788704,
      "ParamEyeBallY": -0.0016254526562988758,
      "ParamBodyAngleX": -80.61510677513596
    }
  }
}