{
  "timestamp": "20260417_221732",
  "data": {
    "source": "LAppLive2DManager.onUpdate.isLeftButtonPressed_debug",
    "timestamp": 1776435447147,
    "dragX": 0.008618594826761503,
    "dragY": -0.23207344568438948,
    "isLeftButtonPressed": true,
    "modelMatrixY": 0.5,
    "modelParams": {
      "ParamAngleX": -3.736642837524414,
      "ParamAngleY": -9.979479789733887,
      "ParamEyeBallX": 0.008618595078587532,
      "ParamEyeBallY": -0.23207344114780426,
      "ParamBodyAngleX": 633.6820313201972
    }
  }
}