{
  "timestamp": "20260418_001431",
  "data": {
    "source": "LAppLive2DManager.onUpdate.isLeftButtonPressed_debug",
    "timestamp": 1776442152131,
    "dragX": 0.3292661344156094,
    "dragY": -2.266956327317092,
    "isLeftButtonPressed": false,
    "modelMatrixY": 0.5,
    "modelParams": {
      "ParamAngleX": 15.1898832321167,
      "ParamAngleY": -26.006120681762695,
      "ParamEyeBallX": 0.32926613092422485,
      "ParamEyeBallY": -1,
      "ParamBodyAngleX": 38892.48999618983
    }
  }
}