{
  "timestamp": "20260417_211724",
  "data": {
    "source": "LAppLive2DManager.onUpdate.isLeftButtonPressed_debug",
    "timestamp": 1776431831532,
    "dragX": -0.13328841861751278,
    "dragY": -0.35894395161956266,
    "isLeftButtonPressed": true,
    "modelMatrixY": 0.5,
    "modelParams": {
      "ParamAngleX": -5.315116882324219,
      "ParamAngleY": -13.35998821258545,
      "ParamEyeBallX": -0.1332884132862091,
      "ParamEyeBallY": -0.3589439392089844,
      "ParamBodyAngleX": -1966.411868952169
    }
  }
}