{
  "timestamp": "20260418_003146",
  "data": {
    "source": "LAppLive2DManager.onUpdate.isLeftButtonPressed_debug",
    "timestamp": 1776443216033,
    "dragX": 0.6585620044596524,
    "dragY": -2.7462625666708775,
    "isLeftButtonPressed": true,
    "modelMatrixY": 0.5,
    "modelParams": {
      "ParamAngleX": 12.723073959350586,
      "ParamAngleY": -30,
      "ParamEyeBallX": 0.6585620045661926,
      "ParamEyeBallY": -1,
      "ParamBodyAngleX": 6990.248116865241
    }
  }
}