{
  "timestamp": "20260418_000938",
  "data": {
    "source": "LAppLive2DManager.onUpdate.isLeftButtonPressed_debug",
    "timestamp": 1776441947291,
    "dragX": 0.43356286681196005,
    "dragY": -3.310137155968309,
    "isLeftButtonPressed": true,
    "modelMatrixY": 0.5,
    "modelParams": {
      "ParamAngleX": 5.635162830352783,
      "ParamAngleY": -26.12477684020996,
      "ParamEyeBallX": 0.43356287479400635,
      "ParamEyeBallY": -1,
      "ParamBodyAngleX": 1624.9277599541763
    }
  }
}