{
  "timestamp": "20260417_231540",
  "data": {
    "source": "LAppLive2DManager.onUpdate.isLeftButtonPressed_debug",
    "timestamp": 1776438939608,
    "dragX": -0.10267283336471296,
    "dragY": -0.9280381588128529,
    "isLeftButtonPressed": true,
    "modelMatrixY": 0.5,
    "modelParams": {
      "ParamAngleX": -8.779745101928711,
      "ParamAngleY": -24.239309310913086,
      "ParamEyeBallX": -0.10267283022403717,
      "ParamEyeBallY": -0.9280381798744202,
      "ParamBodyAngleX": 98.85617761072687
    }
  }
}