{
  "timestamp": "20260417_221740",
  "data": {
    "source": "LAppLive2DManager.onUpdate.isLeftButtonPressed_debug",
    "timestamp": 1776435453602,
    "dragX": -0.2516110878322725,
    "dragY": -0.6022565558937671,
    "isLeftButtonPressed": true,
    "modelMatrixY": 0.5,
    "modelParams": {
      "ParamAngleX": -11.053511619567871,
      "ParamAngleY": -17.135948181152344,
      "ParamEyeBallX": -0.2516110837459564,
      "ParamEyeBallY": -0.6022565364837646,
      "ParamBodyAngleX": 45.444232872784994
    }
  }
}