{
  "timestamp": "20260417_232339",
  "data": {
    "source": "LAppLive2DManager.onUpdate.isLeftButtonPressed_debug",
    "timestamp": 1776439400621,
    "dragX": 0.32991556594736127,
    "dragY": -1.0276820076090327,
    "isLeftButtonPressed": true,
    "modelMatrixY": 0.5,
    "modelParams": {
      "ParamAngleX": 6.188395977020264,
      "ParamAngleY": -30,
      "ParamEyeBallX": 0.3299155533313751,
      "ParamEyeBallY": -1,
      "ParamBodyAngleX": 9270.125541815007
    }
  }
}