{
  "timestamp": "20260418_001343",
  "data": {
    "source": "LAppLive2DManager.onUpdate.isLeftButtonPressed_debug",
    "timestamp": 1776442134159,
    "dragX": 0.00033508191624461846,
    "dragY": -0.0009199429971769486,
    "isLeftButtonPressed": false,
    "modelMatrixY": 0.5,
    "modelParams": {
      "ParamAngleX": 5.279783725738525,
      "ParamAngleY": 3.328519344329834,
      "ParamEyeBallX": 0.0003350819170009345,
      "ParamEyeBallY": -0.0009199429769068956,
      "ParamBodyAngleX": 33548.648801711344
    }
  }
}