{
  "timestamp": "20260417_213619",
  "data": {
    "source": "LAppLive2DManager.onUpdate.isLeftButtonPressed_debug",
    "timestamp": 1776432944499,
    "dragX": 1.2864621621143402,
    "dragY": 0.22158170568026328,
    "isLeftButtonPressed": false,
    "modelMatrixY": 0.5,
    "modelParams": {
      "ParamAngleX": 30,
      "ParamAngleY": 4.053073883056641,
      "ParamEyeBallX": 1,
      "ParamEyeBallY": 0.22158171236515045,
      "ParamBodyAngleX": 1631.1523667095933
    }
  }
}