{
  "timestamp": "20260418_001014",
  "data": {
    "source": "LAppLive2DManager.onUpdate.isLeftButtonPressed_debug",
    "timestamp": 1776441950663,
    "dragX": 0.5678319125753183,
    "dragY": -3.4821460218312934,
    "isLeftButtonPressed": true,
    "modelMatrixY": 0.5,
    "modelParams": {
      "ParamAngleX": 24.24052619934082,
      "ParamAngleY": -26.004480361938477,
      "ParamEyeBallX": 0.5678319334983826,
      "ParamEyeBallY": -1,
      "ParamBodyAngleX": 2077.133413835943
    }
  }
}