{
  "timestamp": "20260417_212350",
  "data": {
    "source": "LAppLive2DManager.onUpdate.isLeftButtonPressed_debug",
    "timestamp": 1776432229978,
    "dragX": 0.45834227335805566,
    "dragY": -0.06602602945663313,
    "isLeftButtonPressed": false,
    "modelMatrixY": 0.5,
    "modelParams": {
      "ParamAngleX": 6.38289737701416,
      "ParamAngleY": 1.7342405319213867,
      "ParamEyeBallX": 0.4583422839641571,
      "ParamEyeBallY": -0.06602603197097778,
      "ParamBodyAngleX": 5637.419435714075
    }
  }
}