{
  "timestamp": "20260418_000907",
  "data": {
    "source": "LAppLive2DManager.onUpdate.isLeftButtonPressed_debug",
    "timestamp": 1776441944386,
    "dragX": 0.2764211755911632,
    "dragY": -3.3812133671884137,
    "isLeftButtonPressed": true,
    "modelMatrixY": 0.5,
    "modelParams": {
      "ParamAngleX": 14.750246047973633,
      "ParamAngleY": -29.20014190673828,
      "ParamEyeBallX": 0.2764211893081665,
      "ParamEyeBallY": -1,
      "ParamBodyAngleX": 1214.391962461475
    }
  }
}