{
  "timestamp": "20260418_002835",
  "data": {
    "source": "LAppLive2DManager.onUpdate.isLeftButtonPressed_debug",
    "timestamp": 1776443098196,
    "dragX": 0.6702727538824383,
    "dragY": -4.527438466798522,
    "isLeftButtonPressed": true,
    "modelMatrixY": 0.5,
    "modelParams": {
      "ParamAngleX": 12.695252418518066,
      "ParamAngleY": -26.07197380065918,
      "ParamEyeBallX": 0.6702727675437927,
      "ParamEyeBallY": -1,
      "ParamBodyAngleX": 925.6038636847496
    }
  }
}