{
  "timestamp": "20260417_233055",
  "data": {
    "source": "LAppLive2DManager.onUpdate.isLeftButtonPressed_debug",
    "timestamp": 1776439853092,
    "dragX": 0.31866351969039686,
    "dragY": -2.114857053941398,
    "isLeftButtonPressed": true,
    "modelMatrixY": 0.5,
    "modelParams": {
      "ParamAngleX": 7.657247543334961,
      "ParamAngleY": -30,
      "ParamEyeBallX": 0.31866350769996643,
      "ParamEyeBallY": -1,
      "ParamBodyAngleX": 825.5048766683681
    }
  }
}