{
  "timestamp": "20260418_000843",
  "data": {
    "source": "LAppLive2DManager.onUpdate.isLeftButtonPressed_debug",
    "timestamp": 1776441942449,
    "dragX": 0.2690477564025317,
    "dragY": -3.1574811444497684,
    "isLeftButtonPressed": true,
    "modelMatrixY": 0.5,
    "modelParams": {
      "ParamAngleX": 9.860509872436523,
      "ParamAngleY": -30,
      "ParamEyeBallX": 0.2690477669239044,
      "ParamEyeBallY": -1,
      "ParamBodyAngleX": 926.0221466772379
    }
  }
}