{
  "timestamp": "20260417_211845",
  "data": {
    "source": "LAppLive2DManager.onUpdate.isLeftButtonPressed_debug",
    "timestamp": 1776431923594,
    "dragX": -0.14298840195658324,
    "dragY": -0.4677839757527705,
    "isLeftButtonPressed": true,
    "modelMatrixY": 0.5,
    "modelParams": {
      "ParamAngleX": -1.425565242767334,
      "ParamAngleY": -15.555010795593262,
      "ParamEyeBallX": -0.1429883986711502,
      "ParamEyeBallY": -0.46778398752212524,
      "ParamBodyAngleX": -4838.341839376046
    }
  }
}