{
  "timestamp": "20260417_215229",
  "data": {
    "source": "LAppLive2DManager.onUpdate.isLeftButtonPressed_debug",
    "timestamp": 1776433948655,
    "dragX": 0.11637196005150062,
    "dragY": -0.6395654350909977,
    "isLeftButtonPressed": true,
    "modelMatrixY": 0.5,
    "modelParams": {
      "ParamAngleX": 4.752565383911133,
      "ParamAngleY": -17.281856536865234,
      "ParamEyeBallX": 0.11637195944786072,
      "ParamEyeBallY": -0.6395654082298279,
      "ParamBodyAngleX": 75.26905001481164
    }
  }
}