{
  "timestamp": "20260417_200344",
  "data": {
    "source": "LAppLive2DManager.onUpdate.isLeftButtonPressed_debug",
    "timestamp": 1776427267002,
    "dragX": 1.1413148522317569,
    "dragY": -1.26401277865113,
    "isLeftButtonPressed": true,
    "modelMatrixY": 0.5,
    "modelParams": {
      "ParamAngleX": 30,
      "ParamAngleY": -29.552961349487305,
      "ParamEyeBallX": 1,
      "ParamEyeBallY": -1,
      "ParamBodyAngleX": 231.13041024689224
    }
  }
}