{
  "timestamp": "20260417_200345",
  "data": {
    "source": "LAppLive2DManager.onUpdate.isLeftButtonPressed_debug",
    "timestamp": 1776427267182,
    "dragX": 0.03779417911082039,
    "dragY": -1.396065468251877,
    "isLeftButtonPressed": true,
    "modelMatrixY": 0.5,
    "modelParams": {
      "ParamAngleX": 8.282404899597168,
      "ParamAngleY": -28.312437057495117,
      "ParamEyeBallX": 0.03779418021440506,
      "ParamEyeBallY": -1,
      "ParamBodyAngleX": 272.0910023816957
    }
  }
}