{
  "timestamp": "20260417_231403",
  "data": {
    "source": "LAppLive2DManager.onUpdate.isLeftButtonPressed_debug",
    "timestamp": 1776438842178,
    "dragX": 0.6259604870897331,
    "dragY": -1.661470250226296,
    "isLeftButtonPressed": true,
    "modelMatrixY": 0.5,
    "modelParams": {
      "ParamAngleX": 26.160625457763672,
      "ParamAngleY": -26.713199615478516,
      "ParamEyeBallX": 0.6259604692459106,
      "ParamEyeBallY": -1,
      "ParamBodyAngleX": 6179.420238285337
    }
  }
}