{
  "timestamp": "20260417_211707",
  "data": {
    "source": "LAppLive2DManager.onUpdate.isLeftButtonPressed_debug",
    "timestamp": 1776431813858,
    "dragX": 0.08215595319540805,
    "dragY": -0.6182496173782512,
    "isLeftButtonPressed": true,
    "modelMatrixY": 0.5,
    "modelParams": {
      "ParamAngleX": 9.920156478881836,
      "ParamAngleY": -21.14186668395996,
      "ParamEyeBallX": 0.08215595036745071,
      "ParamEyeBallY": -0.6182495951652527,
      "ParamBodyAngleX": -1947.0967923067228
    }
  }
}