{
  "timestamp": "20260417_222721",
  "data": {
    "source": "LAppLive2DManager.onUpdate.isLeftButtonPressed_debug",
    "timestamp": 1776436038178,
    "dragX": -0.04862669841301846,
    "dragY": -0.5973370903000278,
    "isLeftButtonPressed": true,
    "modelMatrixY": 0.5,
    "modelParams": {
      "ParamAngleX": 0.2777045667171478,
      "ParamAngleY": -21.89914321899414,
      "ParamEyeBallX": -0.048626698553562164,
      "ParamEyeBallY": -0.5973370671272278,
      "ParamBodyAngleX": -46.56744306082234
    }
  }
}