{
  "timestamp": "20260417_200337",
  "data": {
    "source": "LAppLive2DManager.onUpdate.isLeftButtonPressed_debug",
    "timestamp": 1776427265861,
    "dragX": 1.2049775063622992,
    "dragY": -1.5401737900995187,
    "isLeftButtonPressed": true,
    "modelMatrixY": 0.5,
    "modelParams": {
      "ParamAngleX": 29.94230842590332,
      "ParamAngleY": -30,
      "ParamEyeBallX": 1,
      "ParamEyeBallY": -1,
      "ParamBodyAngleX": 162.67602474196593
    }
  }
}