{
  "timestamp": "20260417_215336",
  "data": {
    "source": "LAppLive2DManager.onUpdate.isLeftButtonPressed_debug",
    "timestamp": 1776433791794,
    "dragX": 0.6630717723607471,
    "dragY": -0.8421700698281136,
    "isLeftButtonPressed": false,
    "modelMatrixY": 0.5,
    "modelParams": {
      "ParamAngleX": 12.519766807556152,
      "ParamAngleY": -21.687578201293945,
      "ParamEyeBallX": 0.6630717515945435,
      "ParamEyeBallY": -0.8421700596809387,
      "ParamBodyAngleX": 10015.87675817236
    }
  }
}