{
  "timestamp": "20260417_210836",
  "data": {
    "source": "LAppLive2DManager.onUpdate.isLeftButtonPressed_debug",
    "timestamp": 1776431316220,
    "dragX": 0.0563847560872653,
    "dragY": -1.544876804918792,
    "isLeftButtonPressed": true,
    "modelMatrixY": 0.5,
    "modelParams": {
      "ParamAngleX": 6.589048385620117,
      "ParamAngleY": -27.735681533813477,
      "ParamEyeBallX": 0.05638475716114044,
      "ParamEyeBallY": -1,
      "ParamBodyAngleX": -1363.2637778936164
    }
  }
}