{
  "timestamp": "20260417_202104",
  "data": {
    "source": "LAppLive2DManager.onUpdate.isLeftButtonPressed_debug",
    "timestamp": 1776428464223,
    "dragX": -0.022235005742373984,
    "dragY": -1.1969759294848041,
    "isLeftButtonPressed": true,
    "modelMatrixY": 0.5,
    "modelParams": {
      "ParamAngleX": 5.6439900398254395,
      "ParamAngleY": -26.030818939208984,
      "ParamEyeBallX": -0.022235006093978882,
      "ParamEyeBallY": -1,
      "ParamBodyAngleX": -1053.5958507894152
    }
  }
}