{
  "timestamp": "20260418_001008",
  "data": {
    "source": "LAppLive2DManager.onUpdate.isLeftButtonPressed_debug",
    "timestamp": 1776441950144,
    "dragX": 0.3600051979203325,
    "dragY": -3.0177379653939287,
    "isLeftButtonPressed": true,
    "modelMatrixY": 0.5,
    "modelParams": {
      "ParamAngleX": 18.12897491455078,
      "ParamAngleY": -27.7152099609375,
      "ParamEyeBallX": 0.3600051999092102,
      "ParamEyeBallY": -1,
      "ParamBodyAngleX": 1948.9172269848946
    }
  }
}