{
  "timestamp": "20260417_200248",
  "data": {
    "source": "LAppLive2DManager.onUpdate.isLeftButtonPressed_debug",
    "timestamp": 1776427258719,
    "dragX": -0.5354721944164276,
    "dragY": 0.02290738106472863,
    "isLeftButtonPressed": true,
    "modelMatrixY": 0.5,
    "modelParams": {
      "ParamAngleX": -20.242271423339844,
      "ParamAngleY": -2.8758761882781982,
      "ParamEyeBallX": -0.5354722142219543,
      "ParamEyeBallY": 0.022907381877303123,
      "ParamBodyAngleX": 178.09381642870923
    }
  }
}