{
  "timestamp": "20260417_211712",
  "data": {
    "source": "LAppLive2DManager.onUpdate.isLeftButtonPressed_debug",
    "timestamp": 1776431818417,
    "dragX": 0.08215595319540805,
    "dragY": -0.6182496173782512,
    "isLeftButtonPressed": true,
    "modelMatrixY": 0.5,
    "modelParams": {
      "ParamAngleX": 0.8864179253578186,
      "ParamAngleY": -14.930333137512207,
      "ParamEyeBallX": 0.08215595036745071,
      "ParamEyeBallY": -0.6182495951652527,
      "ParamBodyAngleX": -1703.4504145795827
    }
  }
}