{
  "timestamp": "20260417_202056",
  "data": {
    "source": "LAppLive2DManager.onUpdate.isLeftButtonPressed_debug",
    "timestamp": 1776428456129,
    "dragX": 0.3149196813499644,
    "dragY": -0.838974202666553,
    "isLeftButtonPressed": true,
    "modelMatrixY": 0.5,
    "modelParams": {
      "ParamAngleX": 5.848729133605957,
      "ParamAngleY": -25.683324813842773,
      "ParamEyeBallX": 0.31491968035697937,
      "ParamEyeBallY": -0.8389741778373718,
      "ParamBodyAngleX": -1265.2829321385782
    }
  }
}