{
  "timestamp": "20260417_223019",
  "data": {
    "source": "LAppLive2DManager.onUpdate.isLeftButtonPressed_debug",
    "timestamp": 1776436214938,
    "dragX": 0.15142194576163437,
    "dragY": -0.759150414033514,
    "isLeftButtonPressed": true,
    "modelMatrixY": 0.5,
    "modelParams": {
      "ParamAngleX": 10.436620712280273,
      "ParamAngleY": -19.62812042236328,
      "ParamEyeBallX": 0.1514219492673874,
      "ParamEyeBallY": -0.7591503858566284,
      "ParamBodyAngleX": 443.20665075165846
    }
  }
}