{
  "timestamp": "20260417_211504",
  "data": {
    "source": "LAppLive2DManager.onUpdate.isLeftButtonPressed_debug",
    "timestamp": 1776431704224,
    "dragX": -0.15423764719513733,
    "dragY": -1.0789282407040042,
    "isLeftButtonPressed": true,
    "modelMatrixY": 0.5,
    "modelParams": {
      "ParamAngleX": -4.182077884674072,
      "ParamAngleY": -30,
      "ParamEyeBallX": -0.15423764288425446,
      "ParamEyeBallY": -1,
      "ParamBodyAngleX": -2350.348303164616
    }
  }
}