{
  "timestamp": "20260417_215700",
  "data": {
    "source": "LAppLive2DManager.onUpdate.isLeftButtonPressed_debug",
    "timestamp": 1776434220218,
    "dragX": 0.13441354910442244,
    "dragY": -0.2962248681926245,
    "isLeftButtonPressed": true,
    "modelMatrixY": 0.5,
    "modelParams": {
      "ParamAngleX": -0.2587854862213135,
      "ParamAngleY": -7.885995864868164,
      "ParamEyeBallX": 0.13441355526447296,
      "ParamEyeBallY": -0.2962248623371124,
      "ParamBodyAngleX": 1341.4570502842448
    }
  }
}