{
  "timestamp": "20260417_223525",
  "data": {
    "source": "LAppLive2DManager.onUpdate.isLeftButtonPressed_debug",
    "timestamp": 1776436524562,
    "dragX": -0.08179329669426864,
    "dragY": -1.101384832593723,
    "isLeftButtonPressed": true,
    "modelMatrixY": 0.5,
    "modelParams": {
      "ParamAngleX": 5.046196460723877,
      "ParamAngleY": -30,
      "ParamEyeBallX": -0.08179329335689545,
      "ParamEyeBallY": -1,
      "ParamBodyAngleX": -9120.743168058569
    }
  }
}