{
  "timestamp": "20260417_225610",
  "data": {
    "source": "LAppLive2DManager.onUpdate.isLeftButtonPressed_debug",
    "timestamp": 1776437770127,
    "dragX": -0.0006277314479609837,
    "dragY": 0.00012985831887244587,
    "isLeftButtonPressed": false,
    "modelMatrixY": 0.5,
    "modelParams": {
      "ParamAngleX": 6.723106861114502,
      "ParamAngleY": 2.723159074783325,
      "ParamEyeBallX": -0.0006277314387261868,
      "ParamEyeBallY": 0.0001298583229072392,
      "ParamBodyAngleX": 1581.1620595517352
    }
  }
}