{
  "timestamp": "20260418_002809",
  "data": {
    "source": "LAppLive2DManager.onUpdate.isLeftButtonPressed_debug",
    "timestamp": 1776443095069,
    "dragX": 0.5079851381688701,
    "dragY": -2.6244378342366366,
    "isLeftButtonPressed": true,
    "modelMatrixY": 0.5,
    "modelParams": {
      "ParamAngleX": 22.438079833984375,
      "ParamAngleY": -27.542041778564453,
      "ParamEyeBallX": 0.5079851150512695,
      "ParamEyeBallY": -1,
      "ParamBodyAngleX": 843.0137268348592
    }
  }
}