{
  "timestamp": "20260417_214938",
  "data": {
    "source": "LAppLive2DManager.onUpdate.isLeftButtonPressed_debug",
    "timestamp": 1776433778217,
    "dragX": 0.04034720300754153,
    "dragY": -0.6984335250791368,
    "isLeftButtonPressed": true,
    "modelMatrixY": 0.5,
    "modelParams": {
      "ParamAngleX": -6.2889404296875,
      "ParamAngleY": -17.470680236816406,
      "ParamEyeBallX": 0.040347203612327576,
      "ParamEyeBallY": -0.698433518409729,
      "ParamBodyAngleX": 548.9137053249026
    }
  }
}