{
  "timestamp": "20260417_202135",
  "data": {
    "source": "LAppLive2DManager.onUpdate.isLeftButtonPressed_debug",
    "timestamp": 1776428494806,
    "dragX": -0.08674419511271829,
    "dragY": -0.1871049805035351,
    "isLeftButtonPressed": true,
    "modelMatrixY": 0.5,
    "modelParams": {
      "ParamAngleX": -8.92696762084961,
      "ParamAngleY": -7.447539806365967,
      "ParamEyeBallX": -0.08674419671297073,
      "ParamEyeBallY": -0.1871049851179123,
      "ParamBodyAngleX": -627.1185726235278
    }
  }
}