{
  "timestamp": "20260417_225853",
  "data": {
    "source": "LAppLive2DManager.onUpdate.isLeftButtonPressed_debug",
    "timestamp": 1776437930575,
    "dragX": 0.023826518619090575,
    "dragY": -0.5304604461321966,
    "isLeftButtonPressed": true,
    "modelMatrixY": 0.5,
    "modelParams": {
      "ParamAngleX": 4.258168697357178,
      "ParamAngleY": -18.801620483398438,
      "ParamEyeBallX": 0.023826519027352333,
      "ParamEyeBallY": -0.5304604172706604,
      "ParamBodyAngleX": 289.50771518104136
    }
  }
}