{
  "timestamp": "20260417_195747",
  "data": {
    "source": "LAppLive2DManager.onUpdate.isLeftButtonPressed_debug",
    "timestamp": 1776427026528,
    "dragX": 1.001646752485113,
    "dragY": -0.854384035905302,
    "isLeftButtonPressed": false,
    "modelMatrixY": 0.5,
    "modelParams": {
      "ParamAngleX": 30,
      "ParamAngleY": -23.130321502685547,
      "ParamEyeBallX": 1,
      "ParamEyeBallY": -0.8543840646743774,
      "ParamBodyAngleX": -46.55659797050447
    }
  }
}