{
  "timestamp": "20260418_000921",
  "data": {
    "source": "LAppLive2DManager.onUpdate.isLeftButtonPressed_debug",
    "timestamp": 1776441945654,
    "dragX": 0.4518118788247459,
    "dragY": -4.100975562075969,
    "isLeftButtonPressed": true,
    "modelMatrixY": 0.5,
    "modelParams": {
      "ParamAngleX": 12.204182624816895,
      "ParamAngleY": -30,
      "ParamEyeBallX": 0.45181187987327576,
      "ParamEyeBallY": -1,
      "ParamBodyAngleX": 1314.5552157246466
    }
  }
}