{
  "timestamp": "20260418_003004",
  "data": {
    "source": "LAppLive2DManager.onUpdate.isLeftButtonPressed_debug",
    "timestamp": 1776443109035,
    "dragX": 0.7658219756477965,
    "dragY": -2.5008925206379184,
    "isLeftButtonPressed": true,
    "modelMatrixY": 0.5,
    "modelParams": {
      "ParamAngleX": 26.02595329284668,
      "ParamAngleY": -26.726425170898438,
      "ParamEyeBallX": 0.7658219933509827,
      "ParamEyeBallY": -1,
      "ParamBodyAngleX": 1918.299213905096
    }
  }
}