{
  "timestamp": "20260417_220203",
  "data": {
    "source": "LAppLive2DManager.onUpdate.isLeftButtonPressed_debug",
    "timestamp": 1776434291722,
    "dragX": 0.008988253070722499,
    "dragY": 0.009580298878998944,
    "isLeftButtonPressed": false,
    "modelMatrixY": 0.5,
    "modelParams": {
      "ParamAngleX": 7.536712646484375,
      "ParamAngleY": -3.665802001953125,
      "ParamEyeBallX": 0.008988252840936184,
      "ParamEyeBallY": 0.009580299258232117,
      "ParamBodyAngleX": 25910.700584890285
    }
  }
}