{
  "timestamp": "20260417_203808",
  "data": {
    "source": "LAppLive2DManager.onUpdate.isLeftButtonPressed_debug",
    "timestamp": 1776429282285,
    "dragX": 0.009428747977288066,
    "dragY": -0.004112216673586983,
    "isLeftButtonPressed": false,
    "modelMatrixY": 0.5,
    "modelParams": {
      "ParamAngleX": 1.6702606678009033,
      "ParamAngleY": 1.450578212738037,
      "ParamEyeBallX": 0.009428747929632664,
      "ParamEyeBallY": -0.004112216643989086,
      "ParamBodyAngleX": 193.30877483452537
    }
  }
}