{
  "timestamp": "20260417_213625",
  "data": {
    "source": "LAppLive2DManager.onUpdate.isLeftButtonPressed_debug",
    "timestamp": 1776432945148,
    "dragX": 1.2864621621143402,
    "dragY": 0.22158170568026328,
    "isLeftButtonPressed": false,
    "modelMatrixY": 0.5,
    "modelParams": {
      "ParamAngleX": 30,
      "ParamAngleY": 8.386417388916016,
      "ParamEyeBallX": 1,
      "ParamEyeBallY": 0.22158171236515045,
      "ParamBodyAngleX": 2061.933781899404
    }
  }
}