{
  "timestamp": "20260418_001140",
  "data": {
    "source": "LAppLive2DManager.onUpdate.isLeftButtonPressed_debug",
    "timestamp": 1776441993961,
    "dragX": 0.15529454272804807,
    "dragY": -2.71542944415021,
    "isLeftButtonPressed": true,
    "modelMatrixY": 0.5,
    "modelParams": {
      "ParamAngleX": 1.0599744319915771,
      "ParamAngleY": -29.79210662841797,
      "ParamEyeBallX": 0.1552945375442505,
      "ParamEyeBallY": -1,
      "ParamBodyAngleX": 12244.624794703843
    }
  }
}