{
  "timestamp": "20260417_231334",
  "data": {
    "source": "LAppLive2DManager.onUpdate.isLeftButtonPressed_debug",
    "timestamp": 1776438813095,
    "dragX": -0.18613706072540862,
    "dragY": -1.041433529385088,
    "isLeftButtonPressed": true,
    "modelMatrixY": 0.5,
    "modelParams": {
      "ParamAngleX": -12.203216552734375,
      "ParamAngleY": -30,
      "ParamEyeBallX": -0.18613706529140472,
      "ParamEyeBallY": -1,
      "ParamBodyAngleX": 1769.2850094300545
    }
  }
}