{
  "timestamp": "20260418_002928",
  "data": {
    "source": "LAppLive2DManager.onUpdate.isLeftButtonPressed_debug",
    "timestamp": 1776443104388,
    "dragX": 0.6168133641029444,
    "dragY": -3.363261163268886,
    "isLeftButtonPressed": true,
    "modelMatrixY": 0.5,
    "modelParams": {
      "ParamAngleX": 11.11754322052002,
      "ParamAngleY": -29.177513122558594,
      "ParamEyeBallX": 0.6168133616447449,
      "ParamEyeBallY": -1,
      "ParamBodyAngleX": 1257.8738851366593
    }
  }
}