{
  "timestamp": "20260417_223005",
  "data": {
    "source": "LAppLive2DManager.onUpdate.isLeftButtonPressed_debug",
    "timestamp": 1776436204503,
    "dragX": 0.05903306649894188,
    "dragY": -0.6223299930647428,
    "isLeftButtonPressed": true,
    "modelMatrixY": 0.5,
    "modelParams": {
      "ParamAngleX": -5.719589710235596,
      "ParamAngleY": -16.345876693725586,
      "ParamEyeBallX": 0.05903306603431702,
      "ParamEyeBallY": -0.6223300099372864,
      "ParamBodyAngleX": 244.98772341281824
    }
  }
}