{
  "timestamp": "20260418_001335",
  "data": {
    "source": "LAppLive2DManager.onUpdate.isLeftButtonPressed_debug",
    "timestamp": 1776442098656,
    "dragX": 0.00033508191624461846,
    "dragY": -0.0009199429971769486,
    "isLeftButtonPressed": false,
    "modelMatrixY": 0.5,
    "modelParams": {
      "ParamAngleX": -2.646177291870117,
      "ParamAngleY": 2.577587127685547,
      "ParamEyeBallX": 0.0003350819170009345,
      "ParamEyeBallY": -0.0009199429769068956,
      "ParamBodyAngleX": 33637.90910043257
    }
  }
}