{
  "timestamp": "20260417_230244",
  "data": {
    "source": "LAppLive2DManager.onUpdate.isLeftButtonPressed_debug",
    "timestamp": 1776438162468,
    "dragX": -0.13879582805031002,
    "dragY": -1.561515237049038,
    "isLeftButtonPressed": true,
    "modelMatrixY": 0.5,
    "modelParams": {
      "ParamAngleX": -3.085888385772705,
      "ParamAngleY": -30,
      "ParamEyeBallX": -0.13879582285881042,
      "ParamEyeBallY": -1,
      "ParamBodyAngleX": -325.1614885306622
    }
  }
}