{
  "timestamp": "20260417_214934",
  "data": {
    "source": "LAppLive2DManager.onUpdate.isLeftButtonPressed_debug",
    "timestamp": 1776433774225,
    "dragX": 0.04034720300754153,
    "dragY": -0.6984335250791368,
    "isLeftButtonPressed": true,
    "modelMatrixY": 0.5,
    "modelParams": {
      "ParamAngleX": 7.024365425109863,
      "ParamAngleY": -17.130327224731445,
      "ParamEyeBallX": 0.040347203612327576,
      "ParamEyeBallY": -0.698433518409729,
      "ParamBodyAngleX": 342.51077163346713
    }
  }
}