{
  "timestamp": "20260417_225556",
  "data": {
    "source": "LAppLive2DManager.onUpdate.isLeftButtonPressed_debug",
    "timestamp": 1776437756146,
    "dragX": 0.2939887344432412,
    "dragY": -0.08591392943451337,
    "isLeftButtonPressed": true,
    "modelMatrixY": 0.5,
    "modelParams": {
      "ParamAngleX": 10.563182830810547,
      "ParamAngleY": 0.8224869966506958,
      "ParamEyeBallX": 0.29398873448371887,
      "ParamEyeBallY": -0.08591392636299133,
      "ParamBodyAngleX": 1237.806109015322
    }
  }
}