{
  "timestamp": "20260417_215036",
  "data": {
    "source": "LAppLive2DManager.onUpdate.isLeftButtonPressed_debug",
    "timestamp": 1776433699379,
    "dragX": 0.5124722100269821,
    "dragY": -0.5216775392870283,
    "isLeftButtonPressed": false,
    "modelMatrixY": 0.5,
    "modelParams": {
      "ParamAngleX": 9.600284576416016,
      "ParamAngleY": -12.000471115112305,
      "ParamEyeBallX": 0.5124722123146057,
      "ParamEyeBallY": -0.521677553653717,
      "ParamBodyAngleX": 406.41713870908876
    }
  }
}