{
  "timestamp": "20260417_212633",
  "data": {
    "source": "LAppLive2DManager.onUpdate.isLeftButtonPressed_debug",
    "timestamp": 1776432393218,
    "dragX": 0.00598606100750174,
    "dragY": -0.20615254475756417,
    "isLeftButtonPressed": true,
    "modelMatrixY": 0.5,
    "modelParams": {
      "ParamAngleX": -2.567467212677002,
      "ParamAngleY": -8.268390655517578,
      "ParamEyeBallX": 0.005986060947179794,
      "ParamEyeBallY": -0.20615254342556,
      "ParamBodyAngleX": 30.496408095616584
    }
  }
}