{
  "timestamp": "20260417_232205",
  "data": {
    "source": "LAppLive2DManager.onUpdate.isLeftButtonPressed_debug",
    "timestamp": 1776439321696,
    "dragX": 0.2938165384305141,
    "dragY": -1.3969448493834613,
    "isLeftButtonPressed": true,
    "modelMatrixY": 0.5,
    "modelParams": {
      "ParamAngleX": 2.4456682205200195,
      "ParamAngleY": -27.629915237426758,
      "ParamEyeBallX": 0.29381653666496277,
      "ParamEyeBallY": -1,
      "ParamBodyAngleX": 363.2472963478816
    }
  }
}