{
  "timestamp": "20260417_215225",
  "data": {
    "source": "LAppLive2DManager.onUpdate.isLeftButtonPressed_debug",
    "timestamp": 1776433944383,
    "dragX": -0.04261250171459548,
    "dragY": -0.23875494722261847,
    "isLeftButtonPressed": true,
    "modelMatrixY": 0.5,
    "modelParams": {
      "ParamAngleX": -8.071593284606934,
      "ParamAngleY": -3.2708258628845215,
      "ParamEyeBallX": -0.04261250048875809,
      "ParamEyeBallY": -0.23875494301319122,
      "ParamBodyAngleX": -95.80026543681703
    }
  }
}