{
  "timestamp": "20260417_233103",
  "data": {
    "source": "LAppLive2DManager.onUpdate.isLeftButtonPressed_debug",
    "timestamp": 1776439860789,
    "dragX": 0.3042271368584529,
    "dragY": -2.4869146527806274,
    "isLeftButtonPressed": true,
    "modelMatrixY": 0.5,
    "modelParams": {
      "ParamAngleX": 1.7655882835388184,
      "ParamAngleY": -30,
      "ParamEyeBallX": 0.30422714352607727,
      "ParamEyeBallY": -1,
      "ParamBodyAngleX": 1951.6387452288755
    }
  }
}