{
  "timestamp": "20260417_201525",
  "data": {
    "source": "LAppLive2DManager.onUpdate.isLeftButtonPressed_debug",
    "timestamp": 1776428104995,
    "dragX": -0.1283919356119718,
    "dragY": -0.595761310414521,
    "isLeftButtonPressed": true,
    "modelMatrixY": 0.5,
    "modelParams": {
      "ParamAngleX": 2.700061559677124,
      "ParamAngleY": -17.617029190063477,
      "ParamEyeBallX": -0.12839193642139435,
      "ParamEyeBallY": -0.5957612991333008,
      "ParamBodyAngleX": -450.09123284641544
    }
  }
}