{
  "timestamp": "20260417_202146",
  "data": {
    "source": "LAppLive2DManager.onUpdate.isLeftButtonPressed_debug",
    "timestamp": 1776428506222,
    "dragX": 0.2351331273870615,
    "dragY": -1.728725080175404,
    "isLeftButtonPressed": true,
    "modelMatrixY": 0.5,
    "modelParams": {
      "ParamAngleX": 3.1908562183380127,
      "ParamAngleY": -26.737701416015625,
      "ParamEyeBallX": 0.2351331263780594,
      "ParamEyeBallY": -1,
      "ParamBodyAngleX": -297.6668743139682
    }
  }
}