{
  "timestamp": "20260417_210901",
  "data": {
    "source": "LAppLive2DManager.onUpdate.isLeftButtonPressed_debug",
    "timestamp": 1776431340465,
    "dragX": 0.0008345942526357159,
    "dragY": -1.003172673264562,
    "isLeftButtonPressed": true,
    "modelMatrixY": 0.5,
    "modelParams": {
      "ParamAngleX": -6.6914262771606445,
      "ParamAngleY": -30,
      "ParamEyeBallX": 0.0008345942478626966,
      "ParamEyeBallY": -1,
      "ParamBodyAngleX": -1419.6969061864584
    }
  }
}