{
  "timestamp": "20260417_215825",
  "data": {
    "source": "LAppLive2DManager.onUpdate.isLeftButtonPressed_debug",
    "timestamp": 1776434305171,
    "dragX": 0.13441354910442244,
    "dragY": -0.2962248681926245,
    "isLeftButtonPressed": true,
    "modelMatrixY": 0.5,
    "modelParams": {
      "ParamAngleX": -0.1785804033279419,
      "ParamAngleY": -8.828084945678711,
      "ParamEyeBallX": 0.13441355526447296,
      "ParamEyeBallY": -0.2962248623371124,
      "ParamBodyAngleX": 4604.843336040875
    }
  }
}