{
  "timestamp": "20260417_212016",
  "data": {
    "source": "LAppLive2DManager.onUpdate.isLeftButtonPressed_debug",
    "timestamp": 1776432014413,
    "dragX": -0.05247432027613433,
    "dragY": -0.14677886394989142,
    "isLeftButtonPressed": true,
    "modelMatrixY": 0.5,
    "modelParams": {
      "ParamAngleX": -9.024046897888184,
      "ParamAngleY": -0.5891596078872681,
      "ParamEyeBallX": -0.05247431993484497,
      "ParamEyeBallY": -0.146778866648674,
      "ParamBodyAngleX": -12.207382722868644
    }
  }
}