{
  "timestamp": "20260418_001436",
  "data": {
    "source": "LAppLive2DManager.onUpdate.isLeftButtonPressed_debug",
    "timestamp": 1776442157088,
    "dragX": 0.09851733361429439,
    "dragY": -0.5041473218625034,
    "isLeftButtonPressed": true,
    "modelMatrixY": 0.5,
    "modelParams": {
      "ParamAngleX": -1.990957260131836,
      "ParamAngleY": -18.307771682739258,
      "ParamEyeBallX": 0.09851733595132828,
      "ParamEyeBallY": -0.5041473507881165,
      "ParamBodyAngleX": 39561.77660467143
    }
  }
}