{
  "timestamp": "20260417_211645",
  "data": {
    "source": "LAppLive2DManager.onUpdate.isLeftButtonPressed_debug",
    "timestamp": 1776431794709,
    "dragX": 0.011047770657327548,
    "dragY": -1.4364461572392722,
    "isLeftButtonPressed": true,
    "modelMatrixY": 0.5,
    "modelParams": {
      "ParamAngleX": 6.725833892822266,
      "ParamAngleY": -29.276927947998047,
      "ParamEyeBallX": 0.011047770269215107,
      "ParamEyeBallY": -1,
      "ParamBodyAngleX": -2194.525195455852
    }
  }
}