{
  "timestamp": "20260418_003204",
  "data": {
    "source": "LAppLive2DManager.onUpdate.isLeftButtonPressed_debug",
    "timestamp": 1776443230482,
    "dragX": 0.3759136077065988,
    "dragY": -4.982054833601712,
    "isLeftButtonPressed": true,
    "modelMatrixY": 0.5,
    "modelParams": {
      "ParamAngleX": 12.126546859741211,
      "ParamAngleY": -30,
      "ParamEyeBallX": 0.3759136199951172,
      "ParamEyeBallY": -1,
      "ParamBodyAngleX": 8141.714656705598
    }
  }
}