{
  "timestamp": "20260417_234614",
  "data": {
    "source": "LAppLive2DManager.onUpdate.isLeftButtonPressed_debug",
    "timestamp": 1776440768053,
    "dragX": 0.001320072727364576,
    "dragY": -1.2290140084738579,
    "isLeftButtonPressed": true,
    "modelMatrixY": 0.5,
    "modelParams": {
      "ParamAngleX": -5.602142333984375,
      "ParamAngleY": -27.4205379486084,
      "ParamEyeBallX": 0.0013200726825743914,
      "ParamEyeBallY": -1,
      "ParamBodyAngleX": 85.8457683493331
    }
  }
}