{
  "timestamp": "20260418_001023",
  "data": {
    "source": "LAppLive2DManager.onUpdate.isLeftButtonPressed_debug",
    "timestamp": 1776441951380,
    "dragX": 0.5903642364659367,
    "dragY": -3.6905180246005336,
    "isLeftButtonPressed": true,
    "modelMatrixY": 0.5,
    "modelParams": {
      "ParamAngleX": 21.917438507080078,
      "ParamAngleY": -28.686256408691406,
      "ParamEyeBallX": 0.5903642177581787,
      "ParamEyeBallY": -1,
      "ParamBodyAngleX": 2282.7576367837473
    }
  }
}