{
  "timestamp": "20260417_202232",
  "data": {
    "source": "LAppLive2DManager.onUpdate.isLeftButtonPressed_debug",
    "timestamp": 1776428552211,
    "dragX": -0.16199919031058974,
    "dragY": -0.18387302636806238,
    "isLeftButtonPressed": true,
    "modelMatrixY": 0.5,
    "modelParams": {
      "ParamAngleX": -10.114291191101074,
      "ParamAngleY": -2.106954574584961,
      "ParamEyeBallX": -0.1619991958141327,
      "ParamEyeBallY": -0.1838730275630951,
      "ParamBodyAngleX": -2355.794483414585
    }
  }
}