{
  "timestamp": "20260417_225901",
  "data": {
    "source": "LAppLive2DManager.onUpdate.isLeftButtonPressed_debug",
    "timestamp": 1776437935839,
    "dragX": -0.21955555033221946,
    "dragY": -0.8232566293625829,
    "isLeftButtonPressed": true,
    "modelMatrixY": 0.5,
    "modelParams": {
      "ParamAngleX": 0.83790123462677,
      "ParamAngleY": -21.996740341186523,
      "ParamEyeBallX": -0.2195555567741394,
      "ParamEyeBallY": -0.8232566118240356,
      "ParamBodyAngleX": -236.84586618145912
    }
  }
}