{
  "timestamp": "20260417_234800",
  "data": {
    "source": "LAppLive2DManager.onUpdate.isLeftButtonPressed_debug",
    "timestamp": 1776440878971,
    "dragX": -0.12120972590673722,
    "dragY": -1.0788785517923758,
    "isLeftButtonPressed": true,
    "modelMatrixY": 0.5,
    "modelParams": {
      "ParamAngleX": -10.790305137634277,
      "ParamAngleY": -29.40667724609375,
      "ParamEyeBallX": -0.12120972573757172,
      "ParamEyeBallY": -1,
      "ParamBodyAngleX": 141.04874262545397
    }
  }
}