{
  "timestamp": "20260417_234014",
  "data": {
    "source": "LAppLive2DManager.onUpdate.isLeftButtonPressed_debug",
    "timestamp": 1776440398623,
    "dragX": 0.031418284705095,
    "dragY": -1.1151380567637381,
    "isLeftButtonPressed": true,
    "modelMatrixY": 0.5,
    "modelParams": {
      "ParamAngleX": -0.29574814438819885,
      "ParamAngleY": -30,
      "ParamEyeBallX": 0.03141828626394272,
      "ParamEyeBallY": -1,
      "ParamBodyAngleX": 1805.7621447660988
    }
  }
}