{
  "timestamp": "20260417_221842",
  "data": {
    "source": "LAppLive2DManager.onUpdate.isLeftButtonPressed_debug",
    "timestamp": 1776435421077,
    "dragX": -0.007525185809920884,
    "dragY": -0.00037308233092306266,
    "isLeftButtonPressed": false,
    "modelMatrixY": 0.5,
    "modelParams": {
      "ParamAngleX": 6.798599720001221,
      "ParamAngleY": 3.970815420150757,
      "ParamEyeBallX": -0.007525185588747263,
      "ParamEyeBallY": -0.00037308232276700437,
      "ParamBodyAngleX": -959.9082979154181
    }
  }
}