{
  "timestamp": "20260417_230032",
  "data": {
    "source": "LAppLive2DManager.onUpdate.isLeftButtonPressed_debug",
    "timestamp": 1776438014128,
    "dragX": 0.026593997891157056,
    "dragY": -0.868604916876825,
    "isLeftButtonPressed": true,
    "modelMatrixY": 0.5,
    "modelParams": {
      "ParamAngleX": 8.026436805725098,
      "ParamAngleY": -22.077512741088867,
      "ParamEyeBallX": 0.026593998074531555,
      "ParamEyeBallY": -0.8686048984527588,
      "ParamBodyAngleX": 2902.797010008539
    }
  }
}