{
  "timestamp": "20260417_203127",
  "data": {
    "source": "LAppLive2DManager.onUpdate.isLeftButtonPressed_debug",
    "timestamp": 1776429071377,
    "dragX": -0.9940007613374863,
    "dragY": -0.05483519590368413,
    "isLeftButtonPressed": false,
    "modelMatrixY": 0.5,
    "modelParams": {
      "ParamAngleX": -30,
      "ParamAngleY": 0.8658424019813538,
      "ParamEyeBallX": -0.9940007328987122,
      "ParamEyeBallY": -0.05483519658446312,
      "ParamBodyAngleX": 170.56659777329807
    }
  }
}