{
  "timestamp": "20260417_213116",
  "data": {
    "source": "LAppLive2DManager.onUpdate.isLeftButtonPressed_debug",
    "timestamp": 1776432660285,
    "dragX": -0.0024349788889457364,
    "dragY": -0.9461869424937918,
    "isLeftButtonPressed": true,
    "modelMatrixY": 0.5,
    "modelParams": {
      "ParamAngleX": 6.769000053405762,
      "ParamAngleY": -26.80023193359375,
      "ParamEyeBallX": -0.002434978960081935,
      "ParamEyeBallY": -0.9461869597434998,
      "ParamBodyAngleX": 302.23291392103613
    }
  }
}