{
  "timestamp": "20260417_223210",
  "data": {
    "source": "LAppLive2DManager.onUpdate.isLeftButtonPressed_debug",
    "timestamp": 1776436322743,
    "dragX": -0.16112788718890506,
    "dragY": -0.7725687345910489,
    "isLeftButtonPressed": true,
    "modelMatrixY": 0.5,
    "modelParams": {
      "ParamAngleX": 0.8019644021987915,
      "ParamAngleY": -24.581087112426758,
      "ParamEyeBallX": -0.16112788021564484,
      "ParamEyeBallY": -0.7725687623023987,
      "ParamBodyAngleX": -4957.939134149024
    }
  }
}