{
  "timestamp": "20260418_082435",
  "data": {
    "source": "LAppLive2DManager.onUpdate.isLeftButtonPressed_debug",
    "timestamp": 1776471873736,
    "dragX": 0.6220208252807554,
    "dragY": -3.2791942691654885,
    "isLeftButtonPressed": true,
    "modelMatrixY": 0.5,
    "modelParams": {
      "ParamAngleX": 20.384851455688477,
      "ParamAngleY": -30,
      "ParamEyeBallX": 0.6220208406448364,
      "ParamEyeBallY": -1,
      "ParamBodyAngleX": 198.6137438561234
    }
  }
}