{
  "timestamp": "20260417_203407",
  "data": {
    "source": "LAppLive2DManager.onUpdate.isLeftButtonPressed_debug",
    "timestamp": 1776429092464,
    "dragX": -0.6994934653348429,
    "dragY": 0.616575145132366,
    "isLeftButtonPressed": false,
    "modelMatrixY": 0.5,
    "modelParams": {
      "ParamAngleX": -21.891239166259766,
      "ParamAngleY": 21.58799171447754,
      "ParamEyeBallX": -0.6994934678077698,
      "ParamEyeBallY": 0.6165751218795776,
      "ParamBodyAngleX": -0.8701016413127389
    }
  }
}