{
  "timestamp": "20260417_202016",
  "data": {
    "source": "LAppLive2DManager.onUpdate.isLeftButtonPressed_debug",
    "timestamp": 1776428416197,
    "dragX": 0.10222278712650998,
    "dragY": -0.3619656736467096,
    "isLeftButtonPressed": true,
    "modelMatrixY": 0.5,
    "modelParams": {
      "ParamAngleX": -3.924921751022339,
      "ParamAngleY": -14.48742961883545,
      "ParamEyeBallX": 0.10222278535366058,
      "ParamEyeBallY": -0.36196568608283997,
      "ParamBodyAngleX": 615.4402110812673
    }
  }
}