{
  "timestamp": "20260417_212614",
  "data": {
    "source": "LAppLive2DManager.onUpdate.isLeftButtonPressed_debug",
    "timestamp": 1776432374208,
    "dragX": -0.010672282069135897,
    "dragY": -0.4287844093271961,
    "isLeftButtonPressed": true,
    "modelMatrixY": 0.5,
    "modelParams": {
      "ParamAngleX": -7.654685020446777,
      "ParamAngleY": -12.30715274810791,
      "ParamEyeBallX": -0.010672282427549362,
      "ParamEyeBallY": -0.42878440022468567,
      "ParamBodyAngleX": -162.57220016023456
    }
  }
}