{
  "timestamp": "20260417_213827",
  "data": {
    "source": "LAppLive2DManager.onUpdate.isLeftButtonPressed_debug",
    "timestamp": 1776433075337,
    "dragX": -0.003376049797388158,
    "dragY": -0.0008168885679782174,
    "isLeftButtonPressed": false,
    "modelMatrixY": 0.5,
    "modelParams": {
      "ParamAngleX": 7.061338901519775,
      "ParamAngleY": 3.6461374759674072,
      "ParamEyeBallX": -0.0033760496880859137,
      "ParamEyeBallY": -0.0008168885833583772,
      "ParamBodyAngleX": 233.85718058190386
    }
  }
}