{
  "timestamp": "20260418_000909",
  "data": {
    "source": "LAppLive2DManager.onUpdate.isLeftButtonPressed_debug",
    "timestamp": 1776441944551,
    "dragX": 0.2764211755911632,
    "dragY": -3.3812133671884137,
    "isLeftButtonPressed": true,
    "modelMatrixY": 0.5,
    "modelParams": {
      "ParamAngleX": 14.066516876220703,
      "ParamAngleY": -30,
      "ParamEyeBallX": 0.2764211893081665,
      "ParamEyeBallY": -1,
      "ParamBodyAngleX": 1227.1663948390317
    }
  }
}