{
  "timestamp": "20260417_211013",
  "data": {
    "source": "LAppLive2DManager.onUpdate.isLeftButtonPressed_debug",
    "timestamp": 1776431409295,
    "dragX": -0.03668541804272066,
    "dragY": -1.5909489429663717,
    "isLeftButtonPressed": true,
    "modelMatrixY": 0.5,
    "modelParams": {
      "ParamAngleX": 4.802308559417725,
      "ParamAngleY": -28.23067855834961,
      "ParamEyeBallX": -0.03668541833758354,
      "ParamEyeBallY": -1,
      "ParamBodyAngleX": -1475.3874580411828
    }
  }
}