{
  "timestamp": "20260417_211834",
  "data": {
    "source": "LAppLive2DManager.onUpdate.isLeftButtonPressed_debug",
    "timestamp": 1776431910924,
    "dragX": -0.14298840195658324,
    "dragY": -0.4677839757527705,
    "isLeftButtonPressed": true,
    "modelMatrixY": 0.5,
    "modelParams": {
      "ParamAngleX": 0.9246360063552856,
      "ParamAngleY": -10.816046714782715,
      "ParamEyeBallX": -0.1429883986711502,
      "ParamEyeBallY": -0.46778398752212524,
      "ParamBodyAngleX": -4209.353002930891
    }
  }
}