{
  "timestamp": "20260417_213157",
  "data": {
    "source": "LAppLive2DManager.onUpdate.isLeftButtonPressed_debug",
    "timestamp": 1776432709636,
    "dragX": 0.02097111891698346,
    "dragY": -0.4768595662410317,
    "isLeftButtonPressed": true,
    "modelMatrixY": 0.5,
    "modelParams": {
      "ParamAngleX": -4.877535820007324,
      "ParamAngleY": -11.881627082824707,
      "ParamEyeBallX": 0.02097111940383911,
      "ParamEyeBallY": -0.47685956954956055,
      "ParamBodyAngleX": 613.0139375634213
    }
  }
}