{
  "timestamp": "20260417_233040",
  "data": {
    "source": "LAppLive2DManager.onUpdate.isLeftButtonPressed_debug",
    "timestamp": 1776439839387,
    "dragX": -0.025030683857862966,
    "dragY": -0.6937352490733918,
    "isLeftButtonPressed": true,
    "modelMatrixY": 0.5,
    "modelParams": {
      "ParamAngleX": 1.9103666543960571,
      "ParamAngleY": -24.456069946289062,
      "ParamEyeBallX": -0.02503068372607231,
      "ParamEyeBallY": -0.6937352418899536,
      "ParamBodyAngleX": 64.52491353102845
    }
  }
}