{
  "timestamp": "20260417_225559",
  "data": {
    "source": "LAppLive2DManager.onUpdate.isLeftButtonPressed_debug",
    "timestamp": 1776437758890,
    "dragX": -0.0009158904005432365,
    "dragY": -0.004130809475303458,
    "isLeftButtonPressed": false,
    "modelMatrixY": 0.5,
    "modelParams": {
      "ParamAngleX": 1.9900355339050293,
      "ParamAngleY": -1.668402075767517,
      "ParamEyeBallX": -0.0009158903849311173,
      "ParamEyeBallY": -0.0041308095678687096,
      "ParamBodyAngleX": 1232.6018456391835
    }
  }
}