{
  "timestamp": "20260417_233052",
  "data": {
    "source": "LAppLive2DManager.onUpdate.isLeftButtonPressed_debug",
    "timestamp": 1776439850102,
    "dragX": 0.15506680794813196,
    "dragY": -1.5645453428910778,
    "isLeftButtonPressed": true,
    "modelMatrixY": 0.5,
    "modelParams": {
      "ParamAngleX": 8.411108016967773,
      "ParamAngleY": -30,
      "ParamEyeBallX": 0.15506680309772491,
      "ParamEyeBallY": -1,
      "ParamBodyAngleX": 501.2654219484395
    }
  }
}