{
  "timestamp": "20260417_202129",
  "data": {
    "source": "LAppLive2DManager.onUpdate.isLeftButtonPressed_debug",
    "timestamp": 1776428489194,
    "dragX": 0.3705969049018422,
    "dragY": -2.042339142245123,
    "isLeftButtonPressed": true,
    "modelMatrixY": 0.5,
    "modelParams": {
      "ParamAngleX": 10.197157859802246,
      "ParamAngleY": -26.54960823059082,
      "ParamEyeBallX": 0.37059691548347473,
      "ParamEyeBallY": -1,
      "ParamBodyAngleX": -1156.7312039384085
    }
  }
}