{
  "timestamp": "20260418_000835",
  "data": {
    "source": "LAppLive2DManager.onUpdate.isLeftButtonPressed_debug",
    "timestamp": 1776441941801,
    "dragX": 0.3203673912972473,
    "dragY": -3.372294978418939,
    "isLeftButtonPressed": true,
    "modelMatrixY": 0.5,
    "modelParams": {
      "ParamAngleX": 6.820409297943115,
      "ParamAngleY": -30,
      "ParamEyeBallX": 0.32036739587783813,
      "ParamEyeBallY": -1,
      "ParamBodyAngleX": 802.4639700760357
    }
  }
}