{
  "timestamp": "20260418_001158",
  "data": {
    "source": "LAppLive2DManager.onUpdate.isLeftButtonPressed_debug",
    "timestamp": 1776442007955,
    "dragX": 0.27613574617206277,
    "dragY": -2.658200631125222,
    "isLeftButtonPressed": true,
    "modelMatrixY": 0.5,
    "modelParams": {
      "ParamAngleX": 11.15482234954834,
      "ParamAngleY": -28.814590454101562,
      "ParamEyeBallX": 0.27613574266433716,
      "ParamEyeBallY": -1,
      "ParamBodyAngleX": 14225.524768785135
    }
  }
}