{
  "timestamp": "20260417_225551",
  "data": {
    "source": "LAppLive2DManager.onUpdate.isLeftButtonPressed_debug",
    "timestamp": 1776437751101,
    "dragX": 0.0021518128113444286,
    "dragY": -0.0006055672843779548,
    "isLeftButtonPressed": false,
    "modelMatrixY": 0.5,
    "modelParams": {
      "ParamAngleX": 7.527175426483154,
      "ParamAngleY": -4.0014967918396,
      "ParamEyeBallX": 0.002151812892407179,
      "ParamEyeBallY": -0.0006055673002265394,
      "ParamBodyAngleX": 730.1084781160788
    }
  }
}