{
  "timestamp": "20260417_201535",
  "data": {
    "source": "LAppLive2DManager.onUpdate.isLeftButtonPressed_debug",
    "timestamp": 1776428112582,
    "dragX": -0.4168187100920822,
    "dragY": -0.5766814101887612,
    "isLeftButtonPressed": true,
    "modelMatrixY": 0.5,
    "modelParams": {
      "ParamAngleX": -5.901633262634277,
      "ParamAngleY": -14.007574081420898,
      "ParamEyeBallX": -0.4168187081813812,
      "ParamEyeBallY": -0.5766814351081848,
      "ParamBodyAngleX": -695.6299808323568
    }
  }
}