{
  "timestamp": "20260418_003156",
  "data": {
    "source": "LAppLive2DManager.onUpdate.isLeftButtonPressed_debug",
    "timestamp": 1776443224500,
    "dragX": 0.556411584750412,
    "dragY": -3.639356458661713,
    "isLeftButtonPressed": true,
    "modelMatrixY": 0.5,
    "modelParams": {
      "ParamAngleX": 21.211135864257812,
      "ParamAngleY": -29.634309768676758,
      "ParamEyeBallX": 0.5564115643501282,
      "ParamEyeBallY": -1,
      "ParamBodyAngleX": 7329.105173708644
    }
  }
}