{
  "timestamp": "20260417_225229",
  "data": {
    "source": "LAppLive2DManager.onUpdate.isLeftButtonPressed_debug",
    "timestamp": 1776437549218,
    "dragX": -0.08358265997622362,
    "dragY": -0.22368218294000594,
    "isLeftButtonPressed": true,
    "modelMatrixY": 0.5,
    "modelParams": {
      "ParamAngleX": 2.89650821685791,
      "ParamAngleY": -7.617994785308838,
      "ParamEyeBallX": -0.08358266204595566,
      "ParamEyeBallY": -0.22368218004703522,
      "ParamBodyAngleX": 349.9027412604916
    }
  }
}