{
  "timestamp": "20260417_213634",
  "data": {
    "source": "LAppLive2DManager.onUpdate.isLeftButtonPressed_debug",
    "timestamp": 1776432946176,
    "dragX": 0.819760289135628,
    "dragY": -1.6070193859956,
    "isLeftButtonPressed": false,
    "modelMatrixY": 0.5,
    "modelParams": {
      "ParamAngleX": 30,
      "ParamAngleY": -26.95719337463379,
      "ParamEyeBallX": 0.819760262966156,
      "ParamEyeBallY": -1,
      "ParamBodyAngleX": 2524.3648730411637
    }
  }
}