{
  "timestamp": "20260417_223016",
  "data": {
    "source": "LAppLive2DManager.onUpdate.isLeftButtonPressed_debug",
    "timestamp": 1776436213271,
    "dragX": 0.15142194576163437,
    "dragY": -0.759150414033514,
    "isLeftButtonPressed": true,
    "modelMatrixY": 0.5,
    "modelParams": {
      "ParamAngleX": 8.971734046936035,
      "ParamAngleY": -25.449142456054688,
      "ParamEyeBallX": 0.1514219492673874,
      "ParamEyeBallY": -0.7591503858566284,
      "ParamBodyAngleX": 386.0880934652116
    }
  }
}