{
  "timestamp": "20260417_222925",
  "data": {
    "source": "LAppLive2DManager.onUpdate.isLeftButtonPressed_debug",
    "timestamp": 1776436141261,
    "dragX": -0.065821441503702,
    "dragY": -1.3123527567290676,
    "isLeftButtonPressed": true,
    "modelMatrixY": 0.5,
    "modelParams": {
      "ParamAngleX": -8.90589427947998,
      "ParamAngleY": -30,
      "ParamEyeBallX": -0.06582143902778625,
      "ParamEyeBallY": -1,
      "ParamBodyAngleX": -2152.2426496045246
    }
  }
}