{
  "timestamp": "20260417_211512",
  "data": {
    "source": "LAppLive2DManager.onUpdate.isLeftButtonPressed_debug",
    "timestamp": 1776431712195,
    "dragX": 0.07562670767642585,
    "dragY": -0.5314395479460932,
    "isLeftButtonPressed": true,
    "modelMatrixY": 0.5,
    "modelParams": {
      "ParamAngleX": -5.007096767425537,
      "ParamAngleY": -13.071417808532715,
      "ParamEyeBallX": 0.07562670856714249,
      "ParamEyeBallY": -0.5314395427703857,
      "ParamBodyAngleX": -2357.6567406291274
    }
  }
}