{
  "timestamp": "20260417_225230",
  "data": {
    "source": "LAppLive2DManager.onUpdate.isLeftButtonPressed_debug",
    "timestamp": 1776437549968,
    "dragX": -0.08358265997622362,
    "dragY": -0.22368218294000594,
    "isLeftButtonPressed": true,
    "modelMatrixY": 0.5,
    "modelParams": {
      "ParamAngleX": -1.8610461950302124,
      "ParamAngleY": -10.710073471069336,
      "ParamEyeBallX": -0.08358266204595566,
      "ParamEyeBallY": -0.22368218004703522,
      "ParamBodyAngleX": 293.06015027091377
    }
  }
}