{
  "timestamp": "20260418_000859",
  "data": {
    "source": "LAppLive2DManager.onUpdate.isLeftButtonPressed_debug",
    "timestamp": 1776441943665,
    "dragX": 0.27684175908638475,
    "dragY": -3.0886693756279358,
    "isLeftButtonPressed": true,
    "modelMatrixY": 0.5,
    "modelParams": {
      "ParamAngleX": 15.708622932434082,
      "ParamAngleY": -26.014781951904297,
      "ParamEyeBallX": 0.27684175968170166,
      "ParamEyeBallY": -1,
      "ParamBodyAngleX": 1120.9583004692688
    }
  }
}