{
  "timestamp": "20260417_231624",
  "data": {
    "source": "LAppLive2DManager.onUpdate.isLeftButtonPressed_debug",
    "timestamp": 1776438980305,
    "dragX": 0.2330276308244316,
    "dragY": -0.8777189631057706,
    "isLeftButtonPressed": true,
    "modelMatrixY": 0.5,
    "modelParams": {
      "ParamAngleX": 1.3824737071990967,
      "ParamAngleY": -30,
      "ParamEyeBallX": 0.2330276370048523,
      "ParamEyeBallY": -0.877718985080719,
      "ParamBodyAngleX": 3057.802002365657
    }
  }
}