{
  "timestamp": "20260417_213648",
  "data": {
    "source": "LAppLive2DManager.onUpdate.isLeftButtonPressed_debug",
    "timestamp": 1776432947832,
    "dragX": -0.001204562397684926,
    "dragY": 0.009196456568678343,
    "isLeftButtonPressed": false,
    "modelMatrixY": 0.5,
    "modelParams": {
      "ParamAngleX": -1.4784209728240967,
      "ParamAngleY": -3.2280819416046143,
      "ParamEyeBallX": -0.0012045623734593391,
      "ParamEyeBallY": 0.009196456521749496,
      "ParamBodyAngleX": 2615.216200863652
    }
  }
}