{
  "timestamp": "20260418_001152",
  "data": {
    "source": "LAppLive2DManager.onUpdate.isLeftButtonPressed_debug",
    "timestamp": 1776442002195,
    "dragX": 0.1632377523801891,
    "dragY": -3.1654703857334634,
    "isLeftButtonPressed": true,
    "modelMatrixY": 0.5,
    "modelParams": {
      "ParamAngleX": 11.701008796691895,
      "ParamAngleY": -30,
      "ParamEyeBallX": 0.16323775053024292,
      "ParamEyeBallY": -1,
      "ParamBodyAngleX": 13540.884987877524
    }
  }
}