{
  "timestamp": "20260417_231551",
  "data": {
    "source": "LAppLive2DManager.onUpdate.isLeftButtonPressed_debug",
    "timestamp": 1776438950550,
    "dragX": 0.2330276308244316,
    "dragY": -0.8777189631057706,
    "isLeftButtonPressed": true,
    "modelMatrixY": 0.5,
    "modelParams": {
      "ParamAngleX": 13.914480209350586,
      "ParamAngleY": -22.38422393798828,
      "ParamEyeBallX": 0.2330276370048523,
      "ParamEyeBallY": -0.877718985080719,
      "ParamBodyAngleX": 621.0790849248299
    }
  }
}