{
  "timestamp": "20260418_001200",
  "data": {
    "source": "LAppLive2DManager.onUpdate.isLeftButtonPressed_debug",
    "timestamp": 1776442010554,
    "dragX": 0.27613574617206277,
    "dragY": -2.658200631125222,
    "isLeftButtonPressed": true,
    "modelMatrixY": 0.5,
    "modelParams": {
      "ParamAngleX": 10.151830673217773,
      "ParamAngleY": -26.310548782348633,
      "ParamEyeBallX": 0.27613574266433716,
      "ParamEyeBallY": -1,
      "ParamBodyAngleX": 14327.540789990282
    }
  }
}