{
  "timestamp": "20260417_215249",
  "data": {
    "source": "LAppLive2DManager.onUpdate.isLeftButtonPressed_debug",
    "timestamp": 1776433969224,
    "dragX": 0.0527391143819244,
    "dragY": -0.3764036644287328,
    "isLeftButtonPressed": true,
    "modelMatrixY": 0.5,
    "modelParams": {
      "ParamAngleX": -3.638590097427368,
      "ParamAngleY": -7.295344352722168,
      "ParamEyeBallX": 0.052739113569259644,
      "ParamEyeBallY": -0.37640365958213806,
      "ParamBodyAngleX": 247.99875469602569
    }
  }
}