{
  "timestamp": "20260418_001151",
  "data": {
    "source": "LAppLive2DManager.onUpdate.isLeftButtonPressed_debug",
    "timestamp": 1776442003253,
    "dragX": 0.1742936047670804,
    "dragY": -4.6875522660240865,
    "isLeftButtonPressed": true,
    "modelMatrixY": 0.5,
    "modelParams": {
      "ParamAngleX": 11.493663787841797,
      "ParamAngleY": -27.239294052124023,
      "ParamEyeBallX": 0.1742936074733734,
      "ParamEyeBallY": -1,
      "ParamBodyAngleX": 13701.90362350046
    }
  }
}