{
  "timestamp": "20260417_203413",
  "data": {
    "source": "LAppLive2DManager.onUpdate.isLeftButtonPressed_debug",
    "timestamp": 1776429093147,
    "dragX": -0.15214239977556404,
    "dragY": 0.39133785690830486,
    "isLeftButtonPressed": true,
    "modelMatrixY": 0.5,
    "modelParams": {
      "ParamAngleX": -0.7615709900856018,
      "ParamAngleY": 10.466764450073242,
      "ParamEyeBallX": -0.15214240550994873,
      "ParamEyeBallY": 0.39133787155151367,
      "ParamBodyAngleX": -339.83041943707883
    }
  }
}