{
  "timestamp": "20260417_202113",
  "data": {
    "source": "LAppLive2DManager.onUpdate.isLeftButtonPressed_debug",
    "timestamp": 1776428270606,
    "dragX": -0.23837661532324145,
    "dragY": -0.25964958540036814,
    "isLeftButtonPressed": true,
    "modelMatrixY": 0.5,
    "modelParams": {
      "ParamAngleX": -12.412042617797852,
      "ParamAngleY": -9.221769332885742,
      "ParamEyeBallX": -0.23837661743164062,
      "ParamEyeBallY": -0.2596495747566223,
      "ParamBodyAngleX": -249.9103586589026
    }
  }
}