{
  "timestamp": "20260417_213632",
  "data": {
    "source": "LAppLive2DManager.onUpdate.isLeftButtonPressed_debug",
    "timestamp": 1776432945913,
    "dragX": 0.819760289135628,
    "dragY": -1.6070193859956,
    "isLeftButtonPressed": false,
    "modelMatrixY": 0.5,
    "modelParams": {
      "ParamAngleX": 30,
      "ParamAngleY": -26.11358070373535,
      "ParamEyeBallX": 0.819760262966156,
      "ParamEyeBallY": -1,
      "ParamBodyAngleX": 2422.607951421459
    }
  }
}