{
  "timestamp": "20260417_200741",
  "data": {
    "source": "LAppLive2DManager.onUpdate.isLeftButtonPressed_debug",
    "timestamp": 1776427476752,
    "dragX": -1.0371982575792014,
    "dragY": 0.09007653867613567,
    "isLeftButtonPressed": true,
    "modelMatrixY": 0.5,
    "modelParams": {
      "ParamAngleX": -22.57315444946289,
      "ParamAngleY": 5.7566118240356445,
      "ParamEyeBallX": -1,
      "ParamEyeBallY": 0.09007653594017029,
      "ParamBodyAngleX": -996.3958282570618
    }
  }
}