{
  "timestamp": "20260417_213449",
  "data": {
    "source": "LAppLive2DManager.onUpdate.isLeftButtonPressed_debug",
    "timestamp": 1776432835157,
    "dragX": 0.0026648934339906574,
    "dragY": 0.0009426322269863656,
    "isLeftButtonPressed": false,
    "modelMatrixY": 0.5,
    "modelParams": {
      "ParamAngleX": 6.294792175292969,
      "ParamAngleY": 0.38511624932289124,
      "ParamEyeBallX": 0.00266489339992404,
      "ParamEyeBallY": 0.0009426322067156434,
      "ParamBodyAngleX": 795.5362746479851
    }
  }
}