{
  "timestamp": "20260418_001413",
  "data": {
    "source": "LAppLive2DManager.onUpdate.isLeftButtonPressed_debug",
    "timestamp": 1776442136413,
    "dragX": 0.614852958008572,
    "dragY": -2.6791183466335724,
    "isLeftButtonPressed": true,
    "modelMatrixY": 0.5,
    "modelParams": {
      "ParamAngleX": 11.067634582519531,
      "ParamAngleY": -30,
      "ParamEyeBallX": 0.6148529648780823,
      "ParamEyeBallY": -1,
      "ParamBodyAngleX": 33730.94455817384
    }
  }
}