{
  "timestamp": "20260417_214904",
  "data": {
    "source": "LAppLive2DManager.onUpdate.isLeftButtonPressed_debug",
    "timestamp": 1776433743844,
    "dragX": 0.06129685148958311,
    "dragY": -1.0102638121019751,
    "isLeftButtonPressed": true,
    "modelMatrixY": 0.5,
    "modelParams": {
      "ParamAngleX": 2.2011451721191406,
      "ParamAngleY": -30,
      "ParamEyeBallX": 0.06129685044288635,
      "ParamEyeBallY": -1,
      "ParamBodyAngleX": 26.49862397732919
    }
  }
}