{
  "timestamp": "20260417_211725",
  "data": {
    "source": "LAppLive2DManager.onUpdate.isLeftButtonPressed_debug",
    "timestamp": 1776431832785,
    "dragX": -0.13328841861751278,
    "dragY": -0.35894395161956266,
    "isLeftButtonPressed": true,
    "modelMatrixY": 0.5,
    "modelParams": {
      "ParamAngleX": 2.43221116065979,
      "ParamAngleY": -6.772307395935059,
      "ParamEyeBallX": -0.1332884132862091,
      "ParamEyeBallY": -0.3589439392089844,
      "ParamBodyAngleX": -1988.1825607269657
    }
  }
}