{
  "timestamp": "20260417_211544",
  "data": {
    "source": "LAppLive2DManager.onUpdate.isLeftButtonPressed_debug",
    "timestamp": 1776431744040,
    "dragX": 0.011047770657327548,
    "dragY": -1.4364461572392722,
    "isLeftButtonPressed": true,
    "modelMatrixY": 0.5,
    "modelParams": {
      "ParamAngleX": -3.4417030811309814,
      "ParamAngleY": -26.976896286010742,
      "ParamEyeBallX": 0.011047770269215107,
      "ParamEyeBallY": -1,
      "ParamBodyAngleX": -2241.9155909287238
    }
  }
}