{
  "timestamp": "20260417_215622",
  "data": {
    "source": "LAppLive2DManager.onUpdate.isLeftButtonPressed_debug",
    "timestamp": 1776434182223,
    "dragX": -0.04488441092999076,
    "dragY": -0.25802936038129326,
    "isLeftButtonPressed": true,
    "modelMatrixY": 0.5,
    "modelParams": {
      "ParamAngleX": 2.7170941829681396,
      "ParamAngleY": -11.643509864807129,
      "ParamEyeBallX": -0.04488440975546837,
      "ParamEyeBallY": -0.25802937150001526,
      "ParamBodyAngleX": 75.64431437153198
    }
  }
}