{
  "timestamp": "20260418_000905",
  "data": {
    "source": "LAppLive2DManager.onUpdate.isLeftButtonPressed_debug",
    "timestamp": 1776441944214,
    "dragX": 0.2764211755911632,
    "dragY": -3.3812133671884137,
    "isLeftButtonPressed": true,
    "modelMatrixY": 0.5,
    "modelParams": {
      "ParamAngleX": 15.290096282958984,
      "ParamAngleY": -28.0574893951416,
      "ParamEyeBallX": 0.2764211893081665,
      "ParamEyeBallY": -1,
      "ParamBodyAngleX": 1193.7067150803118
    }
  }
}