{
  "timestamp": "20260417_201538",
  "data": {
    "source": "LAppLive2DManager.onUpdate.isLeftButtonPressed_debug",
    "timestamp": 1776428115581,
    "dragX": -0.4168187100920822,
    "dragY": -0.5766814101887612,
    "isLeftButtonPressed": true,
    "modelMatrixY": 0.5,
    "modelParams": {
      "ParamAngleX": -19.768495559692383,
      "ParamAngleY": -17.126285552978516,
      "ParamEyeBallX": -0.4168187081813812,
      "ParamEyeBallY": -0.5766814351081848,
      "ParamBodyAngleX": -939.7875111753847
    }
  }
}