{
  "timestamp": "20260418_000901",
  "data": {
    "source": "LAppLive2DManager.onUpdate.isLeftButtonPressed_debug",
    "timestamp": 1776441943840,
    "dragX": 0.27684175908638475,
    "dragY": -3.0886693756279358,
    "isLeftButtonPressed": true,
    "modelMatrixY": 0.5,
    "modelParams": {
      "ParamAngleX": 15.805088996887207,
      "ParamAngleY": -26.308490753173828,
      "ParamEyeBallX": 0.27684175968170166,
      "ParamEyeBallY": -1,
      "ParamBodyAngleX": 1145.9802555825386
    }
  }
}