{
  "timestamp": "20260417_213649",
  "data": {
    "source": "LAppLive2DManager.onUpdate.isLeftButtonPressed_debug",
    "timestamp": 1776432948041,
    "dragX": -0.001204562397684926,
    "dragY": 0.009196456568678343,
    "isLeftButtonPressed": false,
    "modelMatrixY": 0.5,
    "modelParams": {
      "ParamAngleX": -2.9385032653808594,
      "ParamAngleY": -2.2721855640411377,
      "ParamEyeBallX": -0.0012045623734593391,
      "ParamEyeBallY": 0.009196456521749496,
      "ParamBodyAngleX": 2598.801438328847
    }
  }
}