{
  "timestamp": "20260418_003115",
  "data": {
    "source": "LAppLive2DManager.onUpdate.isLeftButtonPressed_debug",
    "timestamp": 1776443207713,
    "dragX": 0.44044836638020857,
    "dragY": -3.272069600418199,
    "isLeftButtonPressed": true,
    "modelMatrixY": 0.5,
    "modelParams": {
      "ParamAngleX": 11.612285614013672,
      "ParamAngleY": -26.019365310668945,
      "ParamEyeBallX": 0.4404483735561371,
      "ParamEyeBallY": -1,
      "ParamBodyAngleX": 6248.851818337468
    }
  }
}