{
  "timestamp": "20260417_210912",
  "data": {
    "source": "LAppLive2DManager.onUpdate.isLeftButtonPressed_debug",
    "timestamp": 1776431350090,
    "dragX": 0.0008345942526357159,
    "dragY": -1.003172673264562,
    "isLeftButtonPressed": true,
    "modelMatrixY": 0.5,
    "modelParams": {
      "ParamAngleX": 7.21129846572876,
      "ParamAngleY": -30,
      "ParamEyeBallX": 0.0008345942478626966,
      "ParamEyeBallY": -1,
      "ParamBodyAngleX": -1243.20477065774
    }
  }
}