{
  "timestamp": "20260418_001001",
  "data": {
    "source": "LAppLive2DManager.onUpdate.isLeftButtonPressed_debug",
    "timestamp": 1776441949399,
    "dragX": 0.3600051979203325,
    "dragY": -3.0177379653939287,
    "isLeftButtonPressed": true,
    "modelMatrixY": 0.5,
    "modelParams": {
      "ParamAngleX": 15.252477645874023,
      "ParamAngleY": -30,
      "ParamEyeBallX": 0.3600051999092102,
      "ParamEyeBallY": -1,
      "ParamBodyAngleX": 1855.431279188213
    }
  }
}