{
  "timestamp": "20260418_082503",
  "data": {
    "source": "LAppLive2DManager.onUpdate.isLeftButtonPressed_debug",
    "timestamp": 1776471883090,
    "dragX": 0.16905938636806042,
    "dragY": -5.333990262396359,
    "isLeftButtonPressed": true,
    "modelMatrixY": 0.5,
    "modelParams": {
      "ParamAngleX": 0.4699801504611969,
      "ParamAngleY": -30,
      "ParamEyeBallX": 0.1690593808889389,
      "ParamEyeBallY": -1,
      "ParamBodyAngleX": 1007.6332912954398
    }
  }
}