{
  "timestamp": "20260418_000941",
  "data": {
    "source": "LAppLive2DManager.onUpdate.isLeftButtonPressed_debug",
    "timestamp": 1776441947550,
    "dragX": 0.43356286681196005,
    "dragY": -3.310137155968309,
    "isLeftButtonPressed": true,
    "modelMatrixY": 0.5,
    "modelParams": {
      "ParamAngleX": 6.203009605407715,
      "ParamAngleY": -26.968761444091797,
      "ParamEyeBallX": 0.43356287479400635,
      "ParamEyeBallY": -1,
      "ParamBodyAngleX": 1650.994664104418
    }
  }
}