{
  "timestamp": "20260417_203701",
  "data": {
    "source": "LAppLive2DManager.onUpdate.isLeftButtonPressed_debug",
    "timestamp": 1776429218090,
    "dragX": 0.009428747977288066,
    "dragY": -0.004112216673586983,
    "isLeftButtonPressed": false,
    "modelMatrixY": 0.5,
    "modelParams": {
      "ParamAngleX": 7.492915630340576,
      "ParamAngleY": -2.4343481063842773,
      "ParamEyeBallX": 0.009428747929632664,
      "ParamEyeBallY": -0.004112216643989086,
      "ParamBodyAngleX": 74.41131501558726
    }
  }
}