{
  "timestamp": "20260417_222709",
  "data": {
    "source": "LAppLive2DManager.onUpdate.isLeftButtonPressed_debug",
    "timestamp": 1776436028669,
    "dragX": 0.04635500318161132,
    "dragY": -0.5293631022312791,
    "isLeftButtonPressed": true,
    "modelMatrixY": 0.5,
    "modelParams": {
      "ParamAngleX": -2.2854669094085693,
      "ParamAngleY": -14.062317848205566,
      "ParamEyeBallX": 0.046355001628398895,
      "ParamEyeBallY": -0.5293630957603455,
      "ParamBodyAngleX": 145.67215377884133
    }
  }
}