{
  "timestamp": "20260417_202108",
  "data": {
    "source": "LAppLive2DManager.onUpdate.isLeftButtonPressed_debug",
    "timestamp": 1776428468223,
    "dragX": -0.1255095299714211,
    "dragY": -1.5669326322613935,
    "isLeftButtonPressed": true,
    "modelMatrixY": 0.5,
    "modelParams": {
      "ParamAngleX": -11.196340560913086,
      "ParamAngleY": -27.69046974182129,
      "ParamEyeBallX": -0.12550953030586243,
      "ParamEyeBallY": -1,
      "ParamBodyAngleX": -1246.9773464977104
    }
  }
}