{
  "timestamp": "20260417_202130",
  "data": {
    "source": "LAppLive2DManager.onUpdate.isLeftButtonPressed_debug",
    "timestamp": 1776428490190,
    "dragX": 0.15665112364580572,
    "dragY": -1.1450763112508984,
    "isLeftButtonPressed": true,
    "modelMatrixY": 0.5,
    "modelParams": {
      "ParamAngleX": 10.271833419799805,
      "ParamAngleY": -30,
      "ParamEyeBallX": 0.15665112435817719,
      "ParamEyeBallY": -1,
      "ParamBodyAngleX": -1013.4135905917869
    }
  }
}