{
  "timestamp": "20260417_222713",
  "data": {
    "source": "LAppLive2DManager.onUpdate.isLeftButtonPressed_debug",
    "timestamp": 1776436032842,
    "dragX": -0.03638129663043316,
    "dragY": -1.0479295327826221,
    "isLeftButtonPressed": true,
    "modelMatrixY": 0.5,
    "modelParams": {
      "ParamAngleX": 6.28358268737793,
      "ParamAngleY": -26.00406837463379,
      "ParamEyeBallX": -0.03638129681348801,
      "ParamEyeBallY": -1,
      "ParamBodyAngleX": 326.8051914273211
    }
  }
}