{
  "timestamp": "20260418_001358",
  "data": {
    "source": "LAppLive2DManager.onUpdate.isLeftButtonPressed_debug",
    "timestamp": 1776442135329,
    "dragX": 0.4364274515581087,
    "dragY": -1.949306804226826,
    "isLeftButtonPressed": true,
    "modelMatrixY": 0.5,
    "modelParams": {
      "ParamAngleX": 10.529555320739746,
      "ParamAngleY": -29.756608963012695,
      "ParamEyeBallX": 0.43642744421958923,
      "ParamEyeBallY": -1,
      "ParamBodyAngleX": 33483.94802393613
    }
  }
}