{
  "timestamp": "20260418_002905",
  "data": {
    "source": "LAppLive2DManager.onUpdate.isLeftButtonPressed_debug",
    "timestamp": 1776443101612,
    "dragX": 0.316731564707553,
    "dragY": -3.869403494221411,
    "isLeftButtonPressed": true,
    "modelMatrixY": 0.5,
    "modelParams": {
      "ParamAngleX": 16.67042350769043,
      "ParamAngleY": -26.000469207763672,
      "ParamEyeBallX": 0.3167315721511841,
      "ParamEyeBallY": -1,
      "ParamBodyAngleX": 1061.1831343644444
    }
  }
}