{
  "timestamp": "20260417_203126",
  "data": {
    "source": "LAppLive2DManager.onUpdate.isLeftButtonPressed_debug",
    "timestamp": 1776429071195,
    "dragX": -0.2237549742383007,
    "dragY": -0.15665902261172682,
    "isLeftButtonPressed": true,
    "modelMatrixY": 0.5,
    "modelParams": {
      "ParamAngleX": -14.119732856750488,
      "ParamAngleY": -1.3253957033157349,
      "ParamEyeBallX": -0.22375497221946716,
      "ParamEyeBallY": -0.15665902197360992,
      "ParamBodyAngleX": 206.4940470709277
    }
  }
}