{
  "timestamp": "20260419_134558",
  "data": {
    "type": "nativeTouchDrag",
    "source": "LAppView.onTouchesMoved",
    "pointX": 152.71431398391724,
    "pointY": 193.6071515083313,
    "touchStartX": 246.75003051757812,
    "touchStartY": 145.25,
    "deltaX": -94.03571653366089,
    "deltaY": 48.3571515083313,
    "dragX": -1,
    "dragY": -0.483571515083313,
    "canvasWidth": 374,
    "canvasHeight": 400,
    "touchManagerX": 534.5000989437103,
    "touchManagerY": 677.6250302791595,
    "devicePixelRatio": 3.5,
    "_deviceToScreen_tr5": -0.0014285714132711291,
    "_viewMatrix_tr5": 1
  }
}