{
  "timestamp": "20260419_104306",
  "data": {
    "type": "nativeTouchDrag",
    "source": "LAppView.onTouchesMoved",
    "pointX": 247.5357403755188,
    "pointY": 244.8571515083313,
    "touchStartX": 170.96429443359375,
    "touchStartY": 286.9285888671875,
    "deltaX": 76.57144594192505,
    "deltaY": -42.0714373588562,
    "dragX": 0.8189459459029417,
    "dragY": 0.420714373588562,
    "canvasWidth": 374,
    "canvasHeight": 400,
    "touchManagerX": 866.3750913143158,
    "touchManagerY": 857.0000302791595,
    "devicePixelRatio": 3.5,
    "_deviceToScreen_tr5": -0.0014285714132711291,
    "_viewMatrix_tr5": 1
  }
}