{
  "timestamp": "20260419_103810",
  "data": {
    "type": "nativeTouchDrag",
    "source": "LAppView.onTouchesMoved",
    "pointX": 261.7857708930969,
    "pointY": 229.67857789993286,
    "touchStartX": 127.82144165039062,
    "touchStartY": 298.6785888671875,
    "deltaX": 133.9643292427063,
    "deltaY": -69.00001096725464,
    "dragX": 1,
    "dragY": 0.6900001096725464,
    "canvasWidth": 374,
    "canvasHeight": 400,
    "touchManagerX": 916.2501981258392,
    "touchManagerY": 803.875022649765,
    "devicePixelRatio": 3.5,
    "_deviceToScreen_tr5": -0.0014285714132711291,
    "_viewMatrix_tr5": 1
  }
}