{
  "timestamp": "20260419_164849",
  "data": {
    "type": "nativeTouchDrag",
    "source": "LAppView.onTouchesMoved",
    "pointX": 133.75000429153442,
    "pointY": 663.6071515083313,
    "touchStartX": 133.75000429153442,
    "touchStartY": 663.6071515083313,
    "deltaX": 0,
    "deltaY": 0,
    "dragX": 0,
    "dragY": 0,
    "canvasWidth": 374,
    "canvasHeight": 639,
    "touchManagerX": 468.1250150203705,
    "touchManagerY": 2322.6250302791595,
    "devicePixelRatio": 3.5,
    "_deviceToScreen_tr5": -0.0010416667209938169,
    "_viewMatrix_tr5": 1
  }
}