{
  "timestamp": "20260419_103456",
  "data": {
    "type": "dragY",
    "source": "applyLive2DFocus",
    "userAgent": "Mozilla/5.0 (Windows NT 10.0; Win64; x64) AppleWebKit/537.36 (KHTML, like Gecko) Chrome/147.0.0.0 Safari/537.36",
    "isTouchDevice": false,
    "pointerType": "mouse",
    "buttons": 1,
    "windowInnerWidth": 1769,
    "windowInnerHeight": 918,
    "canvasLeft": 1,
    "canvasTop": 1,
    "canvasWidth": 1337,
    "canvasHeight": 916,
    "pointerX_raw": 961,
    "pointerY_raw": 409,
    "rendererWidth": 1769,
    "localX": 725.5624646693047,
    "localY": 408,
    "focusedY": 408,
    "configHeadRatio": 0.73,
    "modelY": null,
    "modelHeight": null,
    "dragX": 0.12459054107447698,
    "dragY": 0.10917029157280922,
    "finalDragY": 0.10917029157280922,
    "devicePixelRatio": 1,
    "scaledX": 725.5624646693047,
    "scaledY": 408,
    "_deviceToScreen_tr0": 0.0021834061481058598,
    "_deviceToScreen_tr5": -0.0021834061481058598,
    "_deviceToScreen_tr12": -1.4596070051193237,
    "_deviceToScreen_tr13": 1,
    "_viewMatrix_tr0": 1,
    "_viewMatrix_tr5": 1,
    "_viewMatrix_tr12": 0,
    "_viewMatrix_tr13": 0
  }
}