{
  "timestamp": "20260419_113715",
  "data": {
    "type": "nativeTouchDrag",
    "source": "LAppView.onTouchesMoved",
    "pointX": 102.89287233352661,
    "pointY": 277.0000042915344,
    "touchStartX": 263.57147216796875,
    "touchStartY": 155.85714721679688,
    "deltaX": -160.67859983444214,
    "deltaY": 121.14285707473755,
    "dragX": -1,
    "dragY": -1,
    "canvasWidth": 374,
    "canvasHeight": 400,
    "touchManagerX": 360.12505316734314,
    "touchManagerY": 969.5000150203705,
    "devicePixelRatio": 3.5,
    "_deviceToScreen_tr5": -0.0014285714132711291,
    "_viewMatrix_tr5": 1
  }
}