{
  "timestamp": "20260419_115722",
  "data": {
    "type": "nativeTouchDrag",
    "source": "LAppView.onTouchesMoved",
    "pointX": 275.82144594192505,
    "pointY": 152.89285707473755,
    "touchStartX": 159,
    "touchStartY": 195.0357208251953,
    "deltaX": 116.82144594192505,
    "deltaY": -42.142863750457764,
    "dragX": 1,
    "dragY": 0.42142863750457765,
    "canvasWidth": 374,
    "canvasHeight": 400,
    "touchManagerX": 965.3750607967377,
    "touchManagerY": 535.1249997615814,
    "devicePixelRatio": 3.5,
    "_deviceToScreen_tr5": -0.0014285714132711291,
    "_viewMatrix_tr5": 1
  }
}