{
  "timestamp": "20260419_123440",
  "data": {
    "type": "nativeTouchDrag",
    "source": "LAppView.onTouchesMoved",
    "pointX": 182.71431398391724,
    "pointY": 245.8214612007141,
    "touchStartX": 129.3928680419922,
    "touchStartY": 238.60714721679688,
    "deltaX": 53.32144594192505,
    "deltaY": 7.214313983917236,
    "dragX": 0.5702828442986636,
    "dragY": -0.07214313983917237,
    "canvasWidth": 374,
    "canvasHeight": 400,
    "touchManagerX": 639.5000989437103,
    "touchManagerY": 860.3751142024994,
    "devicePixelRatio": 3.5,
    "_deviceToScreen_tr5": -0.0014285714132711291,
    "_viewMatrix_tr5": 1
  }
}