{
  "timestamp": "20260419_123441",
  "data": {
    "type": "nativeTouchDrag",
    "source": "LAppView.onTouchesMoved",
    "pointX": 245.71431398391724,
    "pointY": 261.3571515083313,
    "touchStartX": 129.3928680419922,
    "touchStartY": 238.60714721679688,
    "deltaX": 116.32144594192505,
    "deltaY": 22.750004291534424,
    "dragX": 1,
    "dragY": -0.22750004291534423,
    "canvasWidth": 374,
    "canvasHeight": 400,
    "touchManagerX": 860.0000989437103,
    "touchManagerY": 914.7500302791595,
    "devicePixelRatio": 3.5,
    "_deviceToScreen_tr5": -0.0014285714132711291,
    "_viewMatrix_tr5": 1
  }
}