{
  "timestamp": "20260419_152419",
  "data": {
    "type": "nativeTouchDrag",
    "source": "LAppView.onTouchesMoved",
    "pointX": 160.5357403755188,
    "pointY": 685.0000348091125,
    "touchStartX": 160.5357403755188,
    "touchStartY": 685.0000348091125,
    "deltaX": 0,
    "deltaY": 0,
    "dragX": 0,
    "dragY": 0,
    "canvasWidth": 374,
    "canvasHeight": 639,
    "touchManagerX": 561.8750913143158,
    "touchManagerY": 2397.500121831894,
    "devicePixelRatio": 3.5,
    "_deviceToScreen_tr5": -0.0010416667209938169,
    "_viewMatrix_tr5": 1
  }
}