{
  "timestamp": "20260418_084901",
  "data": {
    "type": "dragY",
    "localY": 347.4673810005188,
    "headY": -460.9754785156249,
    "biasY": 701.4844238281249,
    "focusedY": 1048.9518048286436,
    "scaledY": 3671.3313169002527,
    "dragY": -2.8243036545573976,
    "dragX": 0.3578548844546924,
    "pointerX": 301.3165283203125,
    "pointerY": 348.32452392578125,
    "canvasWidth": 578.2857666015625,
    "canvasHeight": 2004.2412109375
  }
}