{
  "timestamp": "20260419_103834",
  "data": {
    "type": "nativeTouchDrag",
    "source": "LAppView.onTouchesMoved",
    "pointX": 167.7857403755188,
    "pointY": 238.3214612007141,
    "touchStartX": 262.75,
    "touchStartY": 188.10714721679688,
    "deltaX": -94.9642596244812,
    "deltaY": 50.214313983917236,
    "dragX": -1,
    "dragY": -0.5021431398391724,
    "canvasWidth": 374,
    "canvasHeight": 400,
    "touchManagerX": 587.2500913143158,
    "touchManagerY": 834.1251142024994,
    "devicePixelRatio": 3.5,
    "_deviceToScreen_tr5": -0.0014285714132711291,
    "_viewMatrix_tr5": 1
  }
}