{
  "timestamp": "20260419_112314",
  "data": {
    "type": "nativeTouchDrag",
    "source": "LAppView.onTouchesMoved",
    "pointX": 100.32143068313599,
    "pointY": 340.2500042915344,
    "touchStartX": 259.8571472167969,
    "touchStartY": 240.50003051757812,
    "deltaX": -159.5357165336609,
    "deltaY": 99.7499737739563,
    "dragX": -1,
    "dragY": -0.997499737739563,
    "canvasWidth": 374,
    "canvasHeight": 400,
    "touchManagerX": 351.12500739097595,
    "touchManagerY": 1190.8750150203705,
    "devicePixelRatio": 3.5,
    "_deviceToScreen_tr5": -0.0014285714132711291,
    "_viewMatrix_tr5": 1
  }
}