{
  "timestamp": "20260419_115716",
  "data": {
    "type": "nativeTouchDrag",
    "source": "LAppView.onTouchesMoved",
    "pointX": 237.3214612007141,
    "pointY": 201.75000429153442,
    "touchStartX": 144.3214569091797,
    "touchStartY": 214.71429443359375,
    "deltaX": 93.00000429153442,
    "deltaY": -12.964290142059326,
    "dragX": 0.9946524523158762,
    "dragY": 0.12964290142059326,
    "canvasWidth": 374,
    "canvasHeight": 400,
    "touchManagerX": 830.6251142024994,
    "touchManagerY": 706.1250150203705,
    "devicePixelRatio": 3.5,
    "_deviceToScreen_tr5": -0.0014285714132711291,
    "_viewMatrix_tr5": 1
  }
}