{
  "timestamp": "20260419_151228",
  "data": {
    "type": "nativeTouchDrag",
    "source": "LAppView.onTouchesMoved",
    "pointX": 217.42857789993286,
    "pointY": 336.2500042915344,
    "touchStartX": 245.8214569091797,
    "touchStartY": 312.96429443359375,
    "deltaX": -28.392879009246826,
    "deltaY": 23.285709857940674,
    "dragX": -0.3036671551791104,
    "dragY": -0.14576344199023897,
    "canvasWidth": 374,
    "canvasHeight": 639,
    "touchManagerX": 761.000022649765,
    "touchManagerY": 1176.8750150203705,
    "devicePixelRatio": 3.5,
    "_deviceToScreen_tr5": -0.0010416667209938169,
    "_viewMatrix_tr5": 1
  }
}