{
  "timestamp": "20260419_123900",
  "data": {
    "type": "nativeTouchDrag",
    "source": "LAppView.onTouchesMoved",
    "pointX": 137.67859315872192,
    "pointY": 160.96431398391724,
    "touchStartX": 215.75003051757812,
    "touchStartY": 154.39288330078125,
    "deltaX": -78.0714373588562,
    "deltaY": 6.571430683135986,
    "dragX": -0.834988634854077,
    "dragY": -0.06571430683135987,
    "canvasWidth": 374,
    "canvasHeight": 400,
    "touchManagerX": 481.87507605552673,
    "touchManagerY": 563.3750989437103,
    "devicePixelRatio": 3.5,
    "_deviceToScreen_tr5": -0.0014285714132711291,
    "_viewMatrix_tr5": 1
  }
}