{
  "timestamp": "20260419_104313",
  "data": {
    "type": "nativeTouchDrag",
    "source": "LAppView.onTouchesMoved",
    "pointX": 192.3571515083313,
    "pointY": 273.5000042915344,
    "touchStartX": 223.00003051757812,
    "touchStartY": 239.92860412597656,
    "deltaX": -30.642879009246826,
    "deltaY": 33.57140016555786,
    "dragX": -0.3277313263021051,
    "dragY": -0.33571400165557863,
    "canvasWidth": 374,
    "canvasHeight": 400,
    "touchManagerX": 673.2500302791595,
    "touchManagerY": 957.2500150203705,
    "devicePixelRatio": 3.5,
    "_deviceToScreen_tr5": -0.0014285714132711291,
    "_viewMatrix_tr5": 1
  }
}