{
  "timestamp": "20260419_112647",
  "data": {
    "type": "nativeTouchDrag",
    "source": "LAppView.onTouchesMoved",
    "pointX": 265.2500042915344,
    "pointY": 240.0357403755188,
    "touchStartX": 139.03573608398438,
    "touchStartY": 236.0714569091797,
    "deltaX": 126.21426820755005,
    "deltaY": 3.9642834663391113,
    "dragX": 1,
    "dragY": -0.039642834663391115,
    "canvasWidth": 374,
    "canvasHeight": 400,
    "touchManagerX": 928.3750150203705,
    "touchManagerY": 840.1250913143158,
    "devicePixelRatio": 3.5,
    "_deviceToScreen_tr5": -0.0014285714132711291,
    "_viewMatrix_tr5": 1
  }
}