{
  "timestamp": "20260419_112002",
  "data": {
    "type": "nativeTouchDrag",
    "source": "LAppView.onTouchesMoved",
    "pointX": 270.4643292427063,
    "pointY": 273.4285931587219,
    "touchStartX": 139.85714721679688,
    "touchStartY": 215.2857208251953,
    "deltaX": 130.60718202590942,
    "deltaY": 58.14287233352661,
    "dragX": 1,
    "dragY": -0.5814287233352661,
    "canvasWidth": 374,
    "canvasHeight": 400,
    "touchManagerX": 946.625152349472,
    "touchManagerY": 957.0000760555267,
    "devicePixelRatio": 3.5,
    "_deviceToScreen_tr5": -0.0014285714132711291,
    "_viewMatrix_tr5": 1
  }
}