{
  "timestamp": "20260419_163636",
  "data": {
    "type": "nativeTouchDrag",
    "source": "LAppView.onTouchesMoved",
    "pointX": 103.14287233352661,
    "pointY": 641.321445941925,
    "touchStartX": 103.14287233352661,
    "touchStartY": 641.321445941925,
    "deltaX": 0,
    "deltaY": 0,
    "dragX": 0,
    "dragY": 0,
    "canvasWidth": 374,
    "canvasHeight": 586,
    "touchManagerX": 361.00005316734314,
    "touchManagerY": 2244.6250607967377,
    "devicePixelRatio": 3.5,
    "_deviceToScreen_tr5": -0.0010416667209938169,
    "_viewMatrix_tr5": 1
  }
}