{
  "timestamp": "20260419_093405",
  "data": {
    "type": "nativeTouchDrag",
    "source": "LAppView.onTouchesMoved",
    "pointX": 278.2857708930969,
    "pointY": 201.3571515083313,
    "touchStartX": 191.75003051757812,
    "touchStartY": 268.96429443359375,
    "deltaX": 86.5357403755188,
    "deltaY": -67.60714292526245,
    "dragX": 0.9255159398451208,
    "dragY": 0.6760714292526245,
    "canvasWidth": 374,
    "canvasHeight": 400,
    "touchManagerX": 974.0001981258392,
    "touchManagerY": 704.7500302791595,
    "devicePixelRatio": 3.5,
    "_deviceToScreen_tr5": -0.0014285714132711291,
    "_viewMatrix_tr5": 1
  }
}