{
  "timestamp": "20260419_163605",
  "data": {
    "type": "nativeTouchDrag",
    "source": "LAppView.onTouchesMoved",
    "pointX": 310.4642987251282,
    "pointY": 416.8929181098938,
    "touchStartX": 317.8214416503906,
    "touchStartY": 361.4285888671875,
    "deltaX": -7.357142925262451,
    "deltaY": 55.4643292427063,
    "dragX": -0.07868602059104225,
    "dragY": -0.37859610404577676,
    "canvasWidth": 374,
    "canvasHeight": 586,
    "touchManagerX": 1086.6250455379486,
    "touchManagerY": 1459.1252133846283,
    "devicePixelRatio": 3.5,
    "_deviceToScreen_tr5": -0.0010416667209938169,
    "_viewMatrix_tr5": 1
  }
}