{
  "timestamp": "20260419_134603",
  "data": {
    "type": "nativeTouchDrag",
    "source": "LAppView.onTouchesMoved",
    "pointX": 105.85714387893677,
    "pointY": 237.75000429153442,
    "touchStartX": 246.75003051757812,
    "touchStartY": 145.25,
    "deltaX": -140.89288663864136,
    "deltaY": 92.50000429153442,
    "dragX": -1,
    "dragY": -0.9250000429153442,
    "canvasWidth": 374,
    "canvasHeight": 400,
    "touchManagerX": 370.5000035762787,
    "touchManagerY": 832.1250150203705,
    "devicePixelRatio": 3.5,
    "_deviceToScreen_tr5": -0.0014285714132711291,
    "_viewMatrix_tr5": 1
  }
}