{
  "timestamp": "20260419_172507",
  "data": {
    "type": "nativeTouchDrag",
    "source": "LAppView.onTouchesMoved",
    "pointX": 160.1071515083313,
    "pointY": 327.4642987251282,
    "touchStartX": 160.96429443359375,
    "touchStartY": 328.3214416503906,
    "deltaX": -0.8571429252624512,
    "deltaY": -0.8571429252624512,
    "dragX": -0.009167304013502152,
    "dragY": 0.00536552691870079,
    "canvasWidth": 374,
    "canvasHeight": 639,
    "touchManagerX": 560.3750302791595,
    "touchManagerY": 1146.1250455379486,
    "devicePixelRatio": 3.5,
    "_deviceToScreen_tr5": -0.0010416667209938169,
    "_viewMatrix_tr5": 1
  }
}