{
  "timestamp": "20260419_163625",
  "data": {
    "type": "nativeTouchDrag",
    "source": "LAppView.onTouchesMoved",
    "pointX": 310.4642987251282,
    "pointY": 370.1429181098938,
    "touchStartX": 216.64288330078125,
    "touchStartY": 374.25006103515625,
    "deltaX": 93.82141542434692,
    "deltaY": -4.107142925262451,
    "dragX": 1,
    "dragY": 0.028035105291893864,
    "canvasWidth": 374,
    "canvasHeight": 586,
    "touchManagerX": 1086.6250455379486,
    "touchManagerY": 1295.5002133846283,
    "devicePixelRatio": 3.5,
    "_deviceToScreen_tr5": -0.0010416667209938169,
    "_viewMatrix_tr5": 1
  }
}