{
  "timestamp": "20260419_102937",
  "data": {
    "type": "nativeTouchDrag",
    "source": "LAppView.onTouchesMoved",
    "pointX": 191.46431398391724,
    "pointY": 349.5000042915344,
    "touchStartX": 195.35714721679688,
    "touchStartY": 149.8214569091797,
    "deltaX": -3.8928332328796387,
    "deltaY": 199.67854738235474,
    "dragX": -0.04163458003079828,
    "dragY": -1,
    "canvasWidth": 374,
    "canvasHeight": 400,
    "touchManagerX": 670.1250989437103,
    "touchManagerY": 1223.2500150203705,
    "devicePixelRatio": 3.5,
    "_deviceToScreen_tr5": -0.0014285714132711291,
    "_viewMatrix_tr5": 1
  }
}