{
  "timestamp": "20260419_092803",
  "data": {
    "type": "nativeTouchDrag",
    "source": "LAppView.onTouchesMoved",
    "pointX": 308.4642987251282,
    "pointY": 239.21431398391724,
    "touchStartX": 250.21429443359375,
    "touchStartY": 273.21429443359375,
    "deltaX": 58.250004291534424,
    "deltaY": -33.999980449676514,
    "dragX": 0.622994698305181,
    "dragY": 0.33999980449676515,
    "canvasWidth": 374,
    "canvasHeight": 400,
    "touchManagerX": 1079.6250455379486,
    "touchManagerY": 837.2500989437103,
    "devicePixelRatio": 3.5,
    "_deviceToScreen_tr5": -0.0014285714132711291,
    "_viewMatrix_tr5": 1
  }
}