{
  "timestamp": "20260419_120936",
  "data": {
    "type": "nativeTouchDrag",
    "source": "LAppView.onTouchesMoved",
    "pointX": 203.25000429153442,
    "pointY": 190.00000429153442,
    "touchStartX": 260.75,
    "touchStartY": 210.21429443359375,
    "deltaX": -57.499995708465576,
    "deltaY": -20.214290142059326,
    "dragX": -0.6149732161333217,
    "dragY": 0.20214290142059327,
    "canvasWidth": 374,
    "canvasHeight": 400,
    "touchManagerX": 711.3750150203705,
    "touchManagerY": 665.0000150203705,
    "devicePixelRatio": 3.5,
    "_deviceToScreen_tr5": -0.0014285714132711291,
    "_viewMatrix_tr5": 1
  }
}