{
  "timestamp": "20260419_103816",
  "data": {
    "type": "nativeTouchDrag",
    "source": "LAppView.onTouchesMoved",
    "pointX": 190.071430683136,
    "pointY": 263.8571515083313,
    "touchStartX": 289.21429443359375,
    "touchStartY": 247.5714569091797,
    "deltaX": -99.14286375045776,
    "deltaY": 16.28569459915161,
    "dragX": -1,
    "dragY": -0.16285694599151612,
    "canvasWidth": 374,
    "canvasHeight": 400,
    "touchManagerX": 665.250007390976,
    "touchManagerY": 923.5000302791595,
    "devicePixelRatio": 3.5,
    "_deviceToScreen_tr5": -0.0014285714132711291,
    "_viewMatrix_tr5": 1
  }
}