{
  "timestamp": "20260419_104307",
  "data": {
    "type": "nativeTouchDrag",
    "source": "LAppView.onTouchesMoved",
    "pointX": 267.0000042915344,
    "pointY": 235.5357403755188,
    "touchStartX": 170.96429443359375,
    "touchStartY": 286.9285888671875,
    "deltaX": 96.03570985794067,
    "deltaY": -51.3928484916687,
    "dragX": 1,
    "dragY": 0.513928484916687,
    "canvasWidth": 374,
    "canvasHeight": 400,
    "touchManagerX": 934.5000150203705,
    "touchManagerY": 824.3750913143158,
    "devicePixelRatio": 3.5,
    "_deviceToScreen_tr5": -0.0014285714132711291,
    "_viewMatrix_tr5": 1
  }
}