{
  "timestamp": "20260419_175637",
  "data": {
    "type": "nativeTouchDrag",
    "source": "LAppView.onTouchesMoved",
    "pointX": 309.4642987251282,
    "pointY": 495.5000653266907,
    "touchStartX": 300.9285888671875,
    "touchStartY": 453.75006103515625,
    "deltaX": 8.535709857940674,
    "deltaY": 41.750004291534424,
    "dragX": 0.09129101452342966,
    "dragY": -0.2613458797592139,
    "canvasWidth": 374,
    "canvasHeight": 639,
    "touchManagerX": 1083.1250455379486,
    "touchManagerY": 1734.2502286434174,
    "devicePixelRatio": 3.5,
    "_deviceToScreen_tr5": -0.0010416667209938169,
    "_viewMatrix_tr5": 1
  }
}