{
  "timestamp": "20260419_140122",
  "data": {
    "type": "nativeTouchDrag",
    "source": "LAppView.onTouchesMoved",
    "pointX": 348.2142987251282,
    "pointY": 284.8571515083313,
    "touchStartX": 217.2857208251953,
    "touchStartY": 317.9285888671875,
    "deltaX": 130.92857789993286,
    "deltaY": -33.0714373588562,
    "dragX": 1,
    "dragY": 0.18579459190368652,
    "canvasWidth": 374,
    "canvasHeight": 712,
    "touchManagerX": 1218.7500455379486,
    "touchManagerY": 997.0000302791595,
    "devicePixelRatio": 3.5,
    "_deviceToScreen_tr5": -0.0010416667209938169,
    "_viewMatrix_tr5": 1
  }
}