{
  "timestamp": "20260419_112624",
  "data": {
    "type": "nativeTouchDrag",
    "source": "LAppView.onTouchesMoved",
    "pointX": 175.0357403755188,
    "pointY": 217.2857403755188,
    "touchStartX": 145.71429443359375,
    "touchStartY": 230.7857208251953,
    "deltaX": 29.32144594192505,
    "deltaY": -13.499980449676514,
    "dragX": 0.313598352320054,
    "dragY": 0.13499980449676513,
    "canvasWidth": 374,
    "canvasHeight": 400,
    "touchManagerX": 612.6250913143158,
    "touchManagerY": 760.5000913143158,
    "devicePixelRatio": 3.5,
    "_deviceToScreen_tr5": -0.0014285714132711291,
    "_viewMatrix_tr5": 1
  }
}