{
  "timestamp": "20260418_090331",
  "data": {
    "type": "dragY",
    "localY": 962.294590473175,
    "headY": -460.9754785156249,
    "biasY": 701.4844238281249,
    "focusedY": 1663.7790143012999,
    "scaledY": 5823.226550054549,
    "dragY": -5.065861305999459,
    "dragX": 0.7615783504802285,
    "pointerX": 488.9761047363281,
    "pointerY": 963.1517333984375,
    "canvasWidth": 578.2857666015625,
    "canvasHeight": 2004.2412109375,
    "_deviceToScreen_tr0": 0.0010416667209938169,
    "_deviceToScreen_tr5": -0.0010416667209938169,
    "_deviceToScreen_tr12": -0.28854167461395264,
    "_deviceToScreen_tr13": 1,
    "_viewMatrix_tr0": 1,
    "_viewMatrix_tr5": 1,
    "_viewMatrix_tr12": 0,
    "_viewMatrix_tr13": 0
  }
}