{
  "timestamp": "20260419_172537",
  "data": {
    "type": "nativeTouchDrag",
    "source": "LAppView.onTouchesMoved",
    "pointX": 141.39285707473755,
    "pointY": 412.6429181098938,
    "touchStartX": 252.92860412597656,
    "touchStartY": 267.25,
    "deltaX": -111.53574705123901,
    "deltaY": 145.3929181098938,
    "dragX": -1,
    "dragY": -0.9101278128944839,
    "canvasWidth": 374,
    "canvasHeight": 639,
    "touchManagerX": 494.8749997615814,
    "touchManagerY": 1444.2502133846283,
    "devicePixelRatio": 3.5,
    "_deviceToScreen_tr5": -0.0010416667209938169,
    "_viewMatrix_tr5": 1
  }
}