{
  "timestamp": "20260419_123854",
  "data": {
    "type": "nativeTouchDrag",
    "source": "LAppView.onTouchesMoved",
    "pointX": 213.64288759231567,
    "pointY": 196.96431398391724,
    "touchStartX": 214.50003051757812,
    "touchStartY": 197.8214569091797,
    "deltaX": -0.8571429252624512,
    "deltaY": -0.8571429252624512,
    "dragX": -0.009167304013502152,
    "dragY": 0.008571429252624512,
    "canvasWidth": 374,
    "canvasHeight": 400,
    "touchManagerX": 747.7501065731049,
    "touchManagerY": 689.3750989437103,
    "devicePixelRatio": 3.5,
    "_deviceToScreen_tr5": -0.0014285714132711291,
    "_viewMatrix_tr5": 1
  }
}