{
  "timestamp": "20260419_103820",
  "data": {
    "type": "nativeTouchDrag",
    "source": "LAppView.onTouchesMoved",
    "pointX": 250.3214612007141,
    "pointY": 175.50000429153442,
    "touchStartX": 268.6071472167969,
    "touchStartY": 171.0357208251953,
    "deltaX": -18.285686016082764,
    "deltaY": 4.464283466339111,
    "dragX": -0.1955688343966071,
    "dragY": -0.04464283466339111,
    "canvasWidth": 374,
    "canvasHeight": 400,
    "touchManagerX": 876.1251142024994,
    "touchManagerY": 614.2500150203705,
    "devicePixelRatio": 3.5,
    "_deviceToScreen_tr5": -0.0014285714132711291,
    "_viewMatrix_tr5": 1
  }
}