{
  "timestamp": "20260419_112114",
  "data": {
    "type": "nativeTouchDrag",
    "source": "LAppView.onTouchesMoved",
    "pointX": 122.42858552932739,
    "pointY": 277.89285707473755,
    "touchStartX": 123.28572845458984,
    "touchStartY": 278.75,
    "deltaX": -0.8571429252624512,
    "deltaY": -0.8571429252624512,
    "dragX": -0.009167304013502152,
    "dragY": 0.008571429252624512,
    "canvasWidth": 374,
    "canvasHeight": 400,
    "touchManagerX": 428.5000493526459,
    "touchManagerY": 972.6249997615814,
    "devicePixelRatio": 3.5,
    "_deviceToScreen_tr5": -0.0014285714132711291,
    "_viewMatrix_tr5": 1
  }
}