{
  "timestamp": "20260419_120119",
  "data": {
    "type": "nativeTouchDrag",
    "source": "LAppView.onTouchesMoved",
    "pointX": 87.57143068313599,
    "pointY": 188.7857403755188,
    "touchStartX": 277.07147216796875,
    "touchStartY": 207.60714721679688,
    "deltaX": -189.50004148483276,
    "deltaY": -18.821406841278076,
    "dragX": -1,
    "dragY": 0.18821406841278077,
    "canvasWidth": 374,
    "canvasHeight": 400,
    "touchManagerX": 306.50000739097595,
    "touchManagerY": 660.7500913143158,
    "devicePixelRatio": 3.5,
    "_deviceToScreen_tr5": -0.0014285714132711291,
    "_viewMatrix_tr5": 1
  }
}