{
  "timestamp": "20260419_102923",
  "data": {
    "type": "nativeTouchDrag",
    "source": "LAppView.onTouchesMoved",
    "pointX": 280.5000042915344,
    "pointY": 183.64288759231567,
    "touchStartX": 126.75001525878906,
    "touchStartY": 162.3214569091797,
    "deltaX": 153.74998903274536,
    "deltaY": 21.321430683135986,
    "dragX": 1,
    "dragY": -0.21321430683135986,
    "canvasWidth": 374,
    "canvasHeight": 400,
    "touchManagerX": 981.7500150203705,
    "touchManagerY": 642.7501065731049,
    "devicePixelRatio": 3.5,
    "_deviceToScreen_tr5": -0.0014285714132711291,
    "_viewMatrix_tr5": 1
  }
}