{
  "timestamp": "20260419_104317",
  "data": {
    "type": "nativeTouchDrag",
    "source": "LAppView.onTouchesMoved",
    "pointX": 203.321430683136,
    "pointY": 237.8214612007141,
    "touchStartX": 170.0357208251953,
    "touchStartY": 260.57147216796875,
    "deltaX": 33.285709857940674,
    "deltaY": -22.75001096725464,
    "dragX": 0.3559968968763708,
    "dragY": 0.22750010967254639,
    "canvasWidth": 374,
    "canvasHeight": 400,
    "touchManagerX": 711.625007390976,
    "touchManagerY": 832.3751142024994,
    "devicePixelRatio": 3.5,
    "_deviceToScreen_tr5": -0.0014285714132711291,
    "_viewMatrix_tr5": 1
  }
}