{
  "timestamp": "20260419_172534",
  "data": {
    "type": "nativeTouchDrag",
    "source": "LAppView.onTouchesMoved",
    "pointX": 150.39285707473755,
    "pointY": 396.2500042915344,
    "touchStartX": 252.92860412597656,
    "touchStartY": 267.25,
    "deltaX": -102.53574705123901,
    "deltaY": 129.00000429153442,
    "dragX": -1,
    "dragY": -0.8075117639532672,
    "canvasWidth": 374,
    "canvasHeight": 639,
    "touchManagerX": 526.3749997615814,
    "touchManagerY": 1386.8750150203705,
    "devicePixelRatio": 3.5,
    "_deviceToScreen_tr5": -0.0010416667209938169,
    "_viewMatrix_tr5": 1
  }
}