{
  "timestamp": "20260419_092835",
  "data": {
    "type": "nativeTouchDrag",
    "source": "LAppView.onTouchesMoved",
    "pointX": 301.9642987251282,
    "pointY": 281.7500042915344,
    "touchStartX": 150,
    "touchStartY": 252.3214569091797,
    "deltaX": 151.96429872512817,
    "deltaY": 29.428547382354736,
    "dragX": 1,
    "dragY": -0.29428547382354736,
    "canvasWidth": 374,
    "canvasHeight": 400,
    "touchManagerX": 1056.8750455379486,
    "touchManagerY": 986.1250150203705,
    "devicePixelRatio": 3.5,
    "_deviceToScreen_tr5": -0.0014285714132711291,
    "_viewMatrix_tr5": 1
  }
}