{
  "timestamp": "20260419_123501",
  "data": {
    "type": "nativeTouchDrag",
    "source": "LAppView.onTouchesMoved",
    "pointX": 68.57143068313599,
    "pointY": 235.39288759231567,
    "touchStartX": 252.50003051757812,
    "touchStartY": 220.50003051757812,
    "deltaX": -183.92859983444214,
    "deltaY": 14.892857074737549,
    "dragX": -1,
    "dragY": -0.14892857074737548,
    "canvasWidth": 374,
    "canvasHeight": 400,
    "touchManagerX": 240.00000739097595,
    "touchManagerY": 823.8751065731049,
    "devicePixelRatio": 3.5,
    "_deviceToScreen_tr5": -0.0014285714132711291,
    "_viewMatrix_tr5": 1
  }
}