{
  "timestamp": "20260419_123906",
  "data": {
    "type": "nativeTouchDrag",
    "source": "LAppView.onTouchesMoved",
    "pointX": 283.14285707473755,
    "pointY": 214.64288759231567,
    "touchStartX": 130.96429443359375,
    "touchStartY": 166.7857208251953,
    "deltaX": 152.1785626411438,
    "deltaY": 47.85716676712036,
    "dragX": 1,
    "dragY": -0.4785716676712036,
    "canvasWidth": 374,
    "canvasHeight": 400,
    "touchManagerX": 990.9999997615814,
    "touchManagerY": 751.2501065731049,
    "devicePixelRatio": 3.5,
    "_deviceToScreen_tr5": -0.0014285714132711291,
    "_viewMatrix_tr5": 1
  }
}