{
  "timestamp": "20260419_135459",
  "data": {
    "type": "nativeTouchDrag",
    "source": "LAppView.onTouchesMoved",
    "pointX": 222.39288759231567,
    "pointY": 321.39285707473755,
    "touchStartX": 223.25003051757812,
    "touchStartY": 322.25,
    "deltaX": -0.8571429252624512,
    "deltaY": -0.8571429252624512,
    "dragX": -0.009167304013502152,
    "dragY": 0.004801921149929699,
    "canvasWidth": 374,
    "canvasHeight": 714,
    "touchManagerX": 778.3751065731049,
    "touchManagerY": 1124.8749997615814,
    "devicePixelRatio": 3.5,
    "_deviceToScreen_tr5": -0.0010416667209938169,
    "_viewMatrix_tr5": 1
  }
}