{
  "timestamp": "20260419_163647",
  "data": {
    "type": "nativeTouchDrag",
    "source": "LAppView.onTouchesMoved",
    "pointX": 302.2142987251282,
    "pointY": 344.3571515083313,
    "touchStartX": 195.2857208251953,
    "touchStartY": 376.2857666015625,
    "deltaX": 106.92857789993286,
    "deltaY": -31.9286150932312,
    "dragX": 1,
    "dragY": 0.2179427651415099,
    "canvasWidth": 374,
    "canvasHeight": 586,
    "touchManagerX": 1057.7500455379486,
    "touchManagerY": 1205.2500302791595,
    "devicePixelRatio": 3.5,
    "_deviceToScreen_tr5": -0.0010416667209938169,
    "_viewMatrix_tr5": 1
  }
}