{
  "timestamp": "20260419_152721",
  "data": {
    "type": "nativeTouchDrag",
    "source": "LAppView.onTouchesMoved",
    "pointX": 139.3571515083313,
    "pointY": 665.6428570747375,
    "touchStartX": 139.3571515083313,
    "touchStartY": 665.6428570747375,
    "deltaX": 0,
    "deltaY": 0,
    "dragX": 0,
    "dragY": 0,
    "canvasWidth": 374,
    "canvasHeight": 639,
    "touchManagerX": 487.75003027915955,
    "touchManagerY": 2329.7499997615814,
    "devicePixelRatio": 3.5,
    "_deviceToScreen_tr5": -0.0010416667209938169,
    "_viewMatrix_tr5": 1
  }
}