{
  "timestamp": "20260419_123445",
  "data": {
    "type": "nativeTouchDrag",
    "source": "LAppView.onTouchesMoved",
    "pointX": 137.28572511672974,
    "pointY": 238.00000429153442,
    "touchStartX": 249.14288330078125,
    "touchStartY": 259.75,
    "deltaX": -111.85715818405151,
    "deltaY": -21.749995708465576,
    "dragX": -1,
    "dragY": 0.21749995708465575,
    "canvasWidth": 374,
    "canvasHeight": 400,
    "touchManagerX": 480.5000379085541,
    "touchManagerY": 833.0000150203705,
    "devicePixelRatio": 3.5,
    "_deviceToScreen_tr5": -0.0014285714132711291,
    "_viewMatrix_tr5": 1
  }
}