{
  "timestamp": "20260419_140121",
  "data": {
    "type": "nativeTouchDrag",
    "source": "LAppView.onTouchesMoved",
    "pointX": 347.6429181098938,
    "pointY": 285.0000042915344,
    "touchStartX": 217.2857208251953,
    "touchStartY": 317.9285888671875,
    "deltaX": 130.3571972846985,
    "deltaY": -32.928584575653076,
    "dragX": 1,
    "dragY": 0.18499204817782627,
    "canvasWidth": 374,
    "canvasHeight": 712,
    "touchManagerX": 1216.7502133846283,
    "touchManagerY": 997.5000150203705,
    "devicePixelRatio": 3.5,
    "_deviceToScreen_tr5": -0.0010416667209938169,
    "_viewMatrix_tr5": 1
  }
}