{
  "timestamp": "20260419_113724",
  "data": {
    "type": "nativeTouchDrag",
    "source": "LAppView.onTouchesMoved",
    "pointX": 262.6071515083313,
    "pointY": 138.1071515083313,
    "touchStartX": 130.96429443359375,
    "touchStartY": 221.00003051757812,
    "deltaX": 131.64285707473755,
    "deltaY": -82.89287900924683,
    "dragX": 1,
    "dragY": 0.8289287900924682,
    "canvasWidth": 374,
    "canvasHeight": 400,
    "touchManagerX": 919.1250302791595,
    "touchManagerY": 483.37503027915955,
    "devicePixelRatio": 3.5,
    "_deviceToScreen_tr5": -0.0014285714132711291,
    "_viewMatrix_tr5": 1
  }
}