{
  "timestamp": "20260419_120110",
  "data": {
    "type": "nativeTouchDrag",
    "source": "LAppView.onTouchesMoved",
    "pointX": 65.85714387893677,
    "pointY": 189.1071515083313,
    "touchStartX": 269.75,
    "touchStartY": 212.50003051757812,
    "deltaX": -203.89285612106323,
    "deltaY": -23.392879009246826,
    "dragX": -1,
    "dragY": 0.23392879009246825,
    "canvasWidth": 374,
    "canvasHeight": 400,
    "touchManagerX": 230.5000035762787,
    "touchManagerY": 661.8750302791595,
    "devicePixelRatio": 3.5,
    "_deviceToScreen_tr5": -0.0014285714132711291,
    "_viewMatrix_tr5": 1
  }
}