{
  "timestamp": "20260419_171221",
  "data": {
    "type": "nativeTouchDrag",
    "source": "LAppView.onTouchesMoved",
    "pointX": 323.2500042915344,
    "pointY": 634.7500348091125,
    "touchStartX": 323.2500042915344,
    "touchStartY": 634.7500348091125,
    "deltaX": 0,
    "deltaY": 0,
    "dragX": 0,
    "dragY": 0,
    "canvasWidth": 374,
    "canvasHeight": 639,
    "touchManagerX": 1131.3750150203705,
    "touchManagerY": 2221.625121831894,
    "devicePixelRatio": 3.5,
    "_deviceToScreen_tr5": -0.0010416667209938169,
    "_viewMatrix_tr5": 1
  }
}