{
  "timestamp": "20260419_112000",
  "data": {
    "type": "nativeTouchDrag",
    "source": "LAppView.onTouchesMoved",
    "pointX": 110.21429872512817,
    "pointY": 204.2857403755188,
    "touchStartX": 244.25003051757812,
    "touchStartY": 103.14286041259766,
    "deltaX": -134.03573179244995,
    "deltaY": 101.14287996292114,
    "dragX": -1,
    "dragY": -1,
    "canvasWidth": 374,
    "canvasHeight": 400,
    "touchManagerX": 385.7500455379486,
    "touchManagerY": 715.0000913143158,
    "devicePixelRatio": 3.5,
    "_deviceToScreen_tr5": -0.0014285714132711291,
    "_viewMatrix_tr5": 1
  }
}