{
  "timestamp": "20260419_123856",
  "data": {
    "type": "nativeTouchDrag",
    "source": "LAppView.onTouchesMoved",
    "pointX": 91.0357174873352,
    "pointY": 198.75000429153442,
    "touchStartX": 214.50003051757812,
    "touchStartY": 197.8214569091797,
    "deltaX": -123.46431303024292,
    "deltaY": 0.9285473823547363,
    "dragX": -1,
    "dragY": -0.009285473823547363,
    "canvasWidth": 374,
    "canvasHeight": 400,
    "touchManagerX": 318.6250112056732,
    "touchManagerY": 695.6250150203705,
    "devicePixelRatio": 3.5,
    "_deviceToScreen_tr5": -0.0014285714132711291,
    "_viewMatrix_tr5": 1
  }
}