{
  "timestamp": "20260419_115732",
  "data": {
    "type": "nativeTouchDrag",
    "source": "LAppView.onTouchesMoved",
    "pointX": 281.1071515083313,
    "pointY": 147.50000429153442,
    "touchStartX": 147.71429443359375,
    "touchStartY": 209.71429443359375,
    "deltaX": 133.39285707473755,
    "deltaY": -62.214290142059326,
    "dragX": 1,
    "dragY": 0.6221429014205933,
    "canvasWidth": 374,
    "canvasHeight": 400,
    "touchManagerX": 983.8750302791595,
    "touchManagerY": 516.2500150203705,
    "devicePixelRatio": 3.5,
    "_deviceToScreen_tr5": -0.0014285714132711291,
    "_viewMatrix_tr5": 1
  }
}