{
  "timestamp": "20260419_104311",
  "data": {
    "type": "nativeTouchDrag",
    "source": "LAppView.onTouchesMoved",
    "pointX": 182.96431398391724,
    "pointY": 278.82144594192505,
    "touchStartX": 261,
    "touchStartY": 220.64288330078125,
    "deltaX": -78.03568601608276,
    "deltaY": 58.1785626411438,
    "dragX": -0.8346062675516873,
    "dragY": -0.5817856264114379,
    "canvasWidth": 374,
    "canvasHeight": 400,
    "touchManagerX": 640.3750989437103,
    "touchManagerY": 975.8750607967377,
    "devicePixelRatio": 3.5,
    "_deviceToScreen_tr5": -0.0014285714132711291,
    "_viewMatrix_tr5": 1
  }
}