{
  "timestamp": "20260419_134614",
  "data": {
    "type": "nativeTouchDrag",
    "source": "LAppView.onTouchesMoved",
    "pointX": 224.1071515083313,
    "pointY": 260.1071515083313,
    "touchStartX": 146.7857208251953,
    "touchStartY": 222.71429443359375,
    "deltaX": 77.32143068313599,
    "deltaY": 37.39285707473755,
    "dragX": 0.8269671730816683,
    "dragY": -0.3739285707473755,
    "canvasWidth": 374,
    "canvasHeight": 400,
    "touchManagerX": 784.3750302791595,
    "touchManagerY": 910.3750302791595,
    "devicePixelRatio": 3.5,
    "_deviceToScreen_tr5": -0.0014285714132711291,
    "_viewMatrix_tr5": 1
  }
}