{
  "timestamp": "20260419_140808",
  "data": {
    "type": "nativeTouchDrag",
    "source": "LAppView.onTouchesMoved",
    "pointX": 262.2143292427063,
    "pointY": 594.5000348091125,
    "touchStartX": 261.5357708930969,
    "touchStartY": 586.7143902778625,
    "deltaX": 0.678558349609375,
    "deltaY": 7.78564453125,
    "dragX": 0.007257308551971925,
    "dragY": -0.043739576018258425,
    "canvasWidth": 374,
    "canvasHeight": 712,
    "touchManagerX": 917.750152349472,
    "touchManagerY": 2080.750121831894,
    "devicePixelRatio": 3.5,
    "_deviceToScreen_tr5": -0.0010416667209938169,
    "_viewMatrix_tr5": 1
  }
}