{
  "timestamp": "20260419_123500",
  "data": {
    "type": "nativeTouchDrag",
    "source": "LAppView.onTouchesMoved",
    "pointX": 72.46429872512817,
    "pointY": 235.3214612007141,
    "touchStartX": 252.50003051757812,
    "touchStartY": 220.50003051757812,
    "deltaX": -180.03573179244995,
    "deltaY": 14.821430683135986,
    "dragX": -1,
    "dragY": -0.14821430683135986,
    "canvasWidth": 374,
    "canvasHeight": 400,
    "touchManagerX": 253.6250455379486,
    "touchManagerY": 823.6251142024994,
    "devicePixelRatio": 3.5,
    "_deviceToScreen_tr5": -0.0014285714132711291,
    "_viewMatrix_tr5": 1
  }
}