{
  "timestamp": "20260418_084859",
  "data": {
    "type": "dragY",
    "localY": 314.7014203071594,
    "headY": -460.9754785156249,
    "biasY": 701.4844238281249,
    "focusedY": 1016.1858441352844,
    "scaledY": 3556.6504544734953,
    "dragY": -2.7048444166325742,
    "dragX": 0.34503824147445705,
    "pointerX": 295.35906982421875,
    "pointerY": 315.5585632324219,
    "canvasWidth": 578.2857666015625,
    "canvasHeight": 2004.2412109375
  }
}