{
  "timestamp": "20260419_113722",
  "data": {
    "type": "nativeTouchDrag",
    "source": "LAppView.onTouchesMoved",
    "pointX": 116.57143068313599,
    "pointY": 309.7500042915344,
    "touchStartX": 247.00003051757812,
    "touchStartY": 244.00003051757812,
    "deltaX": -130.42859983444214,
    "deltaY": 65.7499737739563,
    "dragX": -1,
    "dragY": -0.6574997377395629,
    "canvasWidth": 374,
    "canvasHeight": 400,
    "touchManagerX": 408.00000739097595,
    "touchManagerY": 1084.1250150203705,
    "devicePixelRatio": 3.5,
    "_deviceToScreen_tr5": -0.0014285714132711291,
    "_viewMatrix_tr5": 1
  }
}