{
  "timestamp": "20260419_112003",
  "data": {
    "type": "nativeTouchDrag",
    "source": "LAppView.onTouchesMoved",
    "pointX": 159.0357403755188,
    "pointY": 234.8214612007141,
    "touchStartX": 244.0357208251953,
    "touchStartY": 188.75003051757812,
    "deltaX": -84.99998044967651,
    "deltaY": 46.071430683135986,
    "dragX": -0.9090906999965402,
    "dragY": -0.4607143068313599,
    "canvasWidth": 374,
    "canvasHeight": 400,
    "touchManagerX": 556.6250913143158,
    "touchManagerY": 821.8751142024994,
    "devicePixelRatio": 3.5,
    "_deviceToScreen_tr5": -0.0014285714132711291,
    "_viewMatrix_tr5": 1
  }
}