{
  "timestamp": "20260419_140843",
  "data": {
    "type": "nativeTouchDrag",
    "source": "LAppView.onTouchesMoved",
    "pointX": 342.0357708930969,
    "pointY": 669.6071515083313,
    "touchStartX": 342.0357708930969,
    "touchStartY": 669.6071515083313,
    "deltaX": 0,
    "deltaY": 0,
    "dragX": 0,
    "dragY": 0,
    "canvasWidth": 374,
    "canvasHeight": 712,
    "touchManagerX": 1197.1251981258392,
    "touchManagerY": 2343.6250302791595,
    "devicePixelRatio": 3.5,
    "_deviceToScreen_tr5": -0.0010416667209938169,
    "_viewMatrix_tr5": 1
  }
}