{
  "timestamp": "20260419_103740",
  "data": {
    "type": "dragY",
    "source": "applyLive2DFocus",
    "userAgent": "Mozilla/5.0 (Windows NT 10.0; Win64; x64) AppleWebKit/537.36 (KHTML, like Gecko) Chrome/147.0.0.0 Safari/537.36",
    "isTouchDevice": false,
    "pointerType": "mouse",
    "buttons": 1,
    "windowInnerWidth": 1769,
    "windowInnerHeight": 918,
    "canvasLeft": 1,
    "canvasTop": 1,
    "canvasWidth": 1337,
    "canvasHeight": 916,
    "pointerX_raw": 1648,
    "pointerY_raw": 592,
    "rendererWidth": 1769,
    "localX": 1244.7931034482758,
    "localY": 591,
    "focusedY": 591,
    "configHeadRatio": 0.73,
    "modelY": null,
    "modelHeight": null,
    "dragX": 1.2582819100694151,
    "dragY": -0.2903930335305631,
    "finalDragY": -0.2903930335305631,
    "devicePixelRatio": 1,
    "scaledX": 1244.7931034482758,
    "scaledY": 591,
    "_deviceToScreen_tr0": 0.0021834061481058598,
    "_deviceToScreen_tr5": -0.0021834061481058598,
    "_deviceToScreen_tr12": -1.4596070051193237,
    "_deviceToScreen_tr13": 1,
    "_viewMatrix_tr0": 1,
    "_viewMatrix_tr5": 1,
    "_viewMatrix_tr12": 0,
    "_viewMatrix_tr13": 0
  }
}