{
  "timestamp": "20260419_134633",
  "data": {
    "type": "nativeTouchDrag",
    "source": "LAppView.onTouchesMoved",
    "pointX": 205.821430683136,
    "pointY": 110.42858552932739,
    "touchStartX": 220.92860412597656,
    "touchStartY": 210.21429443359375,
    "deltaX": -15.107173442840576,
    "deltaY": -99.78570890426636,
    "dragX": -0.16157404751701152,
    "dragY": 0.9978570890426636,
    "canvasWidth": 374,
    "canvasHeight": 400,
    "touchManagerX": 720.375007390976,
    "touchManagerY": 386.5000493526459,
    "devicePixelRatio": 3.5,
    "_deviceToScreen_tr5": -0.0014285714132711291,
    "_viewMatrix_tr5": 1
  }
}