{
  "timestamp": "20260419_112055",
  "data": {
    "type": "nativeTouchDrag",
    "source": "LAppView.onTouchesMoved",
    "pointX": 87.07143068313599,
    "pointY": 223.3214612007141,
    "touchStartX": 245.67860412597656,
    "touchStartY": 152.92857360839844,
    "deltaX": -158.60717344284058,
    "deltaY": 70.39288759231567,
    "dragX": -1,
    "dragY": -0.7039288759231568,
    "canvasWidth": 374,
    "canvasHeight": 400,
    "touchManagerX": 304.75000739097595,
    "touchManagerY": 781.6251142024994,
    "devicePixelRatio": 3.5,
    "_deviceToScreen_tr5": -0.0014285714132711291,
    "_viewMatrix_tr5": 1
  }
}