{
  "timestamp": "20260419_115717",
  "data": {
    "type": "nativeTouchDrag",
    "source": "LAppView.onTouchesMoved",
    "pointX": 307.0000042915344,
    "pointY": 196.6071515083313,
    "touchStartX": 144.3214569091797,
    "touchStartY": 214.71429443359375,
    "deltaX": 162.67854738235474,
    "deltaY": -18.10714292526245,
    "dragX": 1,
    "dragY": 0.1810714292526245,
    "canvasWidth": 374,
    "canvasHeight": 400,
    "touchManagerX": 1074.5000150203705,
    "touchManagerY": 688.1250302791595,
    "devicePixelRatio": 3.5,
    "_deviceToScreen_tr5": -0.0014285714132711291,
    "_viewMatrix_tr5": 1
  }
}