{
  "timestamp": "20260419_163635",
  "data": {
    "type": "nativeTouchDrag",
    "source": "LAppView.onTouchesMoved",
    "pointX": 96.2857174873352,
    "pointY": 636.6071515083313,
    "touchStartX": 93.75000429153442,
    "touchStartY": 628.6786847114563,
    "deltaX": 2.5357131958007812,
    "deltaY": 7.928466796875,
    "dragX": 0.02711992722781584,
    "dragY": -0.05411922728242321,
    "canvasWidth": 374,
    "canvasHeight": 586,
    "touchManagerX": 337.0000112056732,
    "touchManagerY": 2228.1250302791595,
    "devicePixelRatio": 3.5,
    "_deviceToScreen_tr5": -0.0010416667209938169,
    "_viewMatrix_tr5": 1
  }
}