{
  "timestamp": "20260419_123437",
  "data": {
    "type": "nativeTouchDrag",
    "source": "LAppView.onTouchesMoved",
    "pointX": 302.9642987251282,
    "pointY": 564.3571515083313,
    "touchStartX": 301.7142987251282,
    "touchStartY": 573.3571515083313,
    "deltaX": 1.25,
    "deltaY": -9,
    "dragX": 0.013368983957219251,
    "dragY": 0.09,
    "canvasWidth": 374,
    "canvasHeight": 400,
    "touchManagerX": 1060.3750455379486,
    "touchManagerY": 1975.2500302791595,
    "devicePixelRatio": 3.5,
    "_deviceToScreen_tr5": -0.0014285714132711291,
    "_viewMatrix_tr5": 1
  }
}