{
  "timestamp": "20260419_134613",
  "data": {
    "type": "nativeTouchDrag",
    "source": "LAppView.onTouchesMoved",
    "pointX": 207.96431398391724,
    "pointY": 248.67857789993286,
    "touchStartX": 146.7857208251953,
    "touchStartY": 222.71429443359375,
    "deltaX": 61.178593158721924,
    "deltaY": 25.96428346633911,
    "dragX": 0.6543165043713575,
    "dragY": -0.2596428346633911,
    "canvasWidth": 374,
    "canvasHeight": 400,
    "touchManagerX": 727.8750989437103,
    "touchManagerY": 870.375022649765,
    "devicePixelRatio": 3.5,
    "_deviceToScreen_tr5": -0.0014285714132711291,
    "_viewMatrix_tr5": 1
  }
}