{
  "timestamp": "20260419_115711",
  "data": {
    "type": "nativeTouchDrag",
    "source": "LAppView.onTouchesMoved",
    "pointX": 318.2142987251282,
    "pointY": 212.14288759231567,
    "touchStartX": 166.3214569091797,
    "touchStartY": 217.71429443359375,
    "deltaX": 151.8928418159485,
    "deltaY": -5.571406841278076,
    "dragX": 1,
    "dragY": 0.05571406841278076,
    "canvasWidth": 374,
    "canvasHeight": 400,
    "touchManagerX": 1113.7500455379486,
    "touchManagerY": 742.5001065731049,
    "devicePixelRatio": 3.5,
    "_deviceToScreen_tr5": -0.0014285714132711291,
    "_viewMatrix_tr5": 1
  }
}