{
  "timestamp": "20260419_140759",
  "data": {
    "type": "nativeTouchDrag",
    "source": "LAppView.onTouchesMoved",
    "pointX": 255.67859315872192,
    "pointY": 561.5000348091125,
    "touchStartX": 255.67859315872192,
    "touchStartY": 561.5000348091125,
    "deltaX": 0,
    "deltaY": 0,
    "dragX": 0,
    "dragY": 0,
    "canvasWidth": 374,
    "canvasHeight": 712,
    "touchManagerX": 894.8750760555267,
    "touchManagerY": 1965.250121831894,
    "devicePixelRatio": 3.5,
    "_deviceToScreen_tr5": -0.0010416667209938169,
    "_viewMatrix_tr5": 1
  }
}