{
  "timestamp": "20260419_115718",
  "data": {
    "type": "nativeTouchDrag",
    "source": "LAppView.onTouchesMoved",
    "pointX": 307.14285707473755,
    "pointY": 202.42857789993286,
    "touchStartX": 144.3214569091797,
    "touchStartY": 214.71429443359375,
    "deltaX": 162.82140016555786,
    "deltaY": -12.285716533660889,
    "dragX": 1,
    "dragY": 0.12285716533660888,
    "canvasWidth": 374,
    "canvasHeight": 400,
    "touchManagerX": 1074.9999997615814,
    "touchManagerY": 708.500022649765,
    "devicePixelRatio": 3.5,
    "_deviceToScreen_tr5": -0.0014285714132711291,
    "_viewMatrix_tr5": 1
  }
}